id,camera_id,batch_id,pool_id,name,location,status,image_url,storage_uri,last_update,timestamp,ts_utc,ts_local,fps,created_at,updated_at,timestamp_str,width,width_px,height,height_px,format,codec,quality_flag,checksum,size
4,1,,,监控摄像头-1,主养殖区东北角,在线,http://shrimp.cognitive-center.asia/static/pond_images/result_frame_0016.jpg,,1758616488045,1758616488045,,,30,2025-09-23 16:28:15,2025-09-23 16:34:48,"",0,,0,,"",,ok,,0
5,2,,,监控摄像头-2,投食区中心位置,在线,http://shrimp.cognitive-center.asia/static/pond_images/result_frame_0017.jpg,,1758616488048,1758616488048,,,30,2025-09-23 16:28:15,2025-09-23 16:34:48,"",0,,0,,"",,ok,,0
6,3,,,监控摄像头-3,过滤设备附近,离线,http://shrimp.cognitive-center.asia/static/pond_images/result_frame_0018.jpg,,1758616488050,1758616488050,,,30,2025-09-23 16:28:15,2025-09-23 16:34:48,"",0,,0,,"",,ok,,0
7,4,,,监控摄像头-4,南侧水体监控,在线,http://shrimp.cognitive-center.asia/static/pond_images/result_frame_0019.jpg,,1758616488052,1758616488052,,,30,2025-09-23 16:28:15,2025-09-23 16:34:48,"",0,,0,,"",,ok,,0
8,5,,,监控摄像头-5,应急备用区域,在线,http://shrimp.cognitive-center.asia/static/pond_images/result_frame_0020.jpg,,1758616488054,1758616488054,,,30,2025-09-23 16:28:15,2025-09-23 16:34:48,"",0,,0,,"",,ok,,0
9,6,,,监控摄像头-6,北侧深水区,离线,http://shrimp.cognitive-center.asia/static/pond_images/result_frame_0021.jpg,,1758616488056,1758616488056,,,30,2025-09-23 16:28:15,2025-09-23 16:34:48,"",0,,0,,"",,ok,,0
10,7,,,监控摄像头-7,中央监控点,在线,http://shrimp.cognitive-center.asia/static/pond_images/result_frame_0022.jpg,,1758616488058,1758616488058,,,30,2025-09-23 16:28:15,2025-09-23 16:34:48,"",0,,0,,"",,ok,,0
11,8,,,监控摄像头-8,西侧浅水区,在线,http://shrimp.cognitive-center.asia/static/pond_images/result_frame_0023.jpg,,1758616488060,1758616488060,,,30,2025-09-23 16:28:15,2025-09-23 16:34:48,"",0,,0,,"",,ok,,0
12,9,,,监控摄像头-9,主养殖区东北角,离线,http://shrimp.cognitive-center.asia/static/pond_images/result_frame_0024.jpg,,1758616488062,1758616488062,,,30,2025-09-23 16:28:15,2025-09-23 16:34:48,"",0,,0,,"",,ok,,0
13,10,,,监控摄像头-10,投食区中心位置,在线,http://shrimp.cognitive-center.asia/static/pond_images/result_frame_0025.jpg,,1758616488063,1758616488063,,,30,2025-09-23 16:28:15,2025-09-23 16:34:48,"",0,,0,,"",,ok,,0
14,3,2,4,摄像头3,4,在线,/uploads/cameras/camera_3_20251230124327_1_frame_0000.jpg,/srv/uploads/cameras/camera_3_20251230124327_1_frame_0000.jpg,1767066298121,1767066298121,2025-12-30 03:44:58.121,2025-12-30 12:44:58.121,0,2025-12-30 11:44:58,2025-12-30 11:44:58,2025-12-30 03:44:58,1920,1920,1080,1080,jpg,,ok,4c19aa312f9d3b5dba598b9bb90aa9dd,190971
15,3,2,4,摄像头3,4,在线,/uploads/cameras/camera_3_20251230124327_1_frame_0001.jpg,/srv/uploads/cameras/camera_3_20251230124327_1_frame_0001.jpg,1767066298358,1767066298358,2025-12-30 03:44:58.358,2025-12-30 12:44:58.358,0,2025-12-30 11:44:58,2025-12-30 11:44:58,2025-12-30 03:44:58,1920,1920,1080,1080,jpg,,ok,5af83dd70b1dc600ff731d5821601a86,423524
16,3,2,4,摄像头3,4,在线,/uploads/cameras/camera_3_20251230124327_1_frame_0002.jpg,/srv/uploads/cameras/camera_3_20251230124327_1_frame_0002.jpg,1767066298830,1767066298830,2025-12-30 03:44:58.830,2025-12-30 12:44:58.830,0,2025-12-30 11:44:59,2025-12-30 11:44:59,2025-12-30 03:44:58,1920,1920,1080,1080,jpg,,ok,12379023019340f0668132f5e2520876,349432
17,3,2,4,摄像头3,4,在线,/uploads/cameras/camera_3_20251230124327_1_frame_0003.jpg,/srv/uploads/cameras/camera_3_20251230124327_1_frame_0003.jpg,1767066299108,1767066299108,2025-12-30 03:44:59.108,2025-12-30 12:44:59.108,0,2025-12-30 11:44:59,2025-12-30 11:44:59,2025-12-30 03:44:59,1920,1920,1080,1080,jpg,,ok,1b371eaf532ba4e3f542d4dd30e8999b,456806
18,3,2,4,摄像头3,4,在线,/uploads/cameras/camera_3_20251230124327_1_frame_0004.jpg,/srv/uploads/cameras/camera_3_20251230124327_1_frame_0004.jpg,1767066299471,1767066299471,2025-12-30 03:44:59.471,2025-12-30 12:44:59.471,0,2025-12-30 11:44:59,2025-12-30 11:44:59,2025-12-30 03:44:59,1920,1920,1080,1080,jpg,,ok,2bba57354e0a2d7a3c886c22123bd336,343490
19,3,2,4,摄像头3,4,在线,/uploads/cameras/camera_3_20251230124327_1_frame_0005.jpg,/srv/uploads/cameras/camera_3_20251230124327_1_frame_0005.jpg,1767066299758,1767066299758,2025-12-30 03:44:59.758,2025-12-30 12:44:59.758,0,2025-12-30 11:45:00,2025-12-30 11:45:00,2025-12-30 03:44:59,1920,1920,1080,1080,jpg,,ok,53c0ad4895d047bd3e8e1c8bc148d766,424672
20,3,2,4,摄像头3,4,在线,/uploads/cameras/camera_3_20251230124327_1_frame_0006.jpg,/srv/uploads/cameras/camera_3_20251230124327_1_frame_0006.jpg,1767066300061,1767066300061,2025-12-30 03:45:00.061,2025-12-30 12:45:00.061,0,2025-12-30 11:45:00,2025-12-30 11:45:00,2025-12-30 03:45:00,1920,1920,1080,1080,jpg,,ok,6385fafc1692552a7de333cd61db19a7,336991
21,3,2,4,摄像头3,4,在线,/uploads/cameras/camera_3_20251230124327_1_frame_0007.jpg,/srv/uploads/cameras/camera_3_20251230124327_1_frame_0007.jpg,1767066300328,1767066300328,2025-12-30 03:45:00.328,2025-12-30 12:45:00.328,0,2025-12-30 11:45:00,2025-12-30 11:45:00,2025-12-30 03:45:00,1920,1920,1080,1080,jpg,,ok,9b6c28a1ecaabd1ed7b783565b9fd822,430983
22,3,2,4,摄像头3,4,在线,/uploads/cameras/camera_3_20251230124327_1_frame_0008.jpg,/srv/uploads/cameras/camera_3_20251230124327_1_frame_0008.jpg,1767066300734,1767066300734,2025-12-30 03:45:00.734,2025-12-30 12:45:00.734,0,2025-12-30 11:45:01,2025-12-30 11:45:01,2025-12-30 03:45:00,1920,1920,1080,1080,jpg,,ok,242c2a2653a16d79d0ddc369ece32ebe,358573
23,3,2,4,摄像头3,4,在线,/uploads/cameras/camera_3_20251230124327_1_frame_0009.jpg,/srv/uploads/cameras/camera_3_20251230124327_1_frame_0009.jpg,1767066300998,1767066300998,2025-12-30 03:45:00.998,2025-12-30 12:45:00.998,0,2025-12-30 11:45:01,2025-12-30 11:45:01,2025-12-30 03:45:00,1920,1920,1080,1080,jpg,,ok,2c98e020090428153ab802a8d5651209,432371
24,3,2,4,摄像头3,4,在线,/uploads/cameras/camera_3_20251230124327_1_frame_0010.jpg,/srv/uploads/cameras/camera_3_20251230124327_1_frame_0010.jpg,1767066301285,1767066301285,2025-12-30 03:45:01.285,2025-12-30 12:45:01.285,0,2025-12-30 11:45:01,2025-12-30 11:45:01,2025-12-30 03:45:01,1920,1920,1080,1080,jpg,,ok,bbacc649e1f73d27d82888778076c7f3,336690
25,3,2,4,摄像头3,4,在线,/uploads/cameras/camera_3_20251230124327_1_frame_0011.jpg,/srv/uploads/cameras/camera_3_20251230124327_1_frame_0011.jpg,1767066301574,1767066301574,2025-12-30 03:45:01.574,2025-12-30 12:45:01.574,0,2025-12-30 11:45:01,2025-12-30 11:45:01,2025-12-30 03:45:01,1920,1920,1080,1080,jpg,,ok,ca83913d3f01d0f5fc24a94b99851dcf,447710
26,3,2,4,摄像头3,4,在线,/uploads/cameras/camera_3_20251230124327_1_frame_0012.jpg,/srv/uploads/cameras/camera_3_20251230124327_1_frame_0012.jpg,1767066301854,1767066301854,2025-12-30 03:45:01.854,2025-12-30 12:45:01.854,0,2025-12-30 11:45:02,2025-12-30 11:45:02,2025-12-30 03:45:01,1920,1920,1080,1080,jpg,,ok,194160e0a2a42a85e87f8343a7528d1d,345398
27,3,2,4,摄像头3,4,在线,/uploads/cameras/camera_3_20251230124327_1_frame_0013.jpg,/srv/uploads/cameras/camera_3_20251230124327_1_frame_0013.jpg,1767066302190,1767066302190,2025-12-30 03:45:02.190,2025-12-30 12:45:02.190,0,2025-12-30 11:45:02,2025-12-30 11:45:02,2025-12-30 03:45:02,1920,1920,1080,1080,jpg,,ok,b305235855e200aaf58fd3b9c725cf5f,446226
28,3,2,4,摄像头3,4,在线,/uploads/cameras/camera_3_20251230124327_1_frame_0014.jpg,/srv/uploads/cameras/camera_3_20251230124327_1_frame_0014.jpg,1767066302461,1767066302461,2025-12-30 03:45:02.461,2025-12-30 12:45:02.461,0,2025-12-30 11:45:02,2025-12-30 11:45:02,2025-12-30 03:45:02,1920,1920,1080,1080,jpg,,ok,416888d12a87b155e057df08f66486e9,331031
29,3,2,4,摄像头3,4,在线,/uploads/cameras/camera_3_20251230124327_1_frame_0015.jpg,/srv/uploads/cameras/camera_3_20251230124327_1_frame_0015.jpg,1767066302705,1767066302705,2025-12-30 03:45:02.705,2025-12-30 12:45:02.705,0,2025-12-30 11:45:03,2025-12-30 11:45:03,2025-12-30 03:45:02,1920,1920,1080,1080,jpg,,ok,ccd2515d02071d43cc75546b9146bb41,430017
30,3,2,4,摄像头3,4,在线,/uploads/cameras/camera_3_20251230124327_1_frame_0016.jpg,/srv/uploads/cameras/camera_3_20251230124327_1_frame_0016.jpg,1767066302973,1767066302973,2025-12-30 03:45:02.973,2025-12-30 12:45:02.973,0,2025-12-30 11:45:03,2025-12-30 11:45:03,2025-12-30 03:45:02,1920,1920,1080,1080,jpg,,ok,2ad5590a0850eed385b3b2d9c4b30f43,356160
31,3,2,4,摄像头3,4,在线,/uploads/cameras/camera_3_20251230124327_1_frame_0017.jpg,/srv/uploads/cameras/camera_3_20251230124327_1_frame_0017.jpg,1767066303255,1767066303255,2025-12-30 03:45:03.255,2025-12-30 12:45:03.255,0,2025-12-30 11:45:03,2025-12-30 11:45:03,2025-12-30 03:45:03,1920,1920,1080,1080,jpg,,ok,94a20e322662368afb8057d16d7d3b94,432188
32,3,2,4,摄像头3,4,在线,/uploads/cameras/camera_3_20251230124327_1_frame_0018.jpg,/srv/uploads/cameras/camera_3_20251230124327_1_frame_0018.jpg,1767066303567,1767066303567,2025-12-30 03:45:03.567,2025-12-30 12:45:03.567,0,2025-12-30 11:45:03,2025-12-30 11:45:03,2025-12-30 03:45:03,1920,1920,1080,1080,jpg,,ok,cd5af361b828a45eee42fa2a5b322231,357743
33,3,2,4,摄像头3,4,在线,/uploads/cameras/camera_3_20251230124327_1_frame_0019.jpg,/srv/uploads/cameras/camera_3_20251230124327_1_frame_0019.jpg,1767066303862,1767066303862,2025-12-30 03:45:03.862,2025-12-30 12:45:03.862,0,2025-12-30 11:45:04,2025-12-30 11:45:04,2025-12-30 03:45:03,1920,1920,1080,1080,jpg,,ok,dcafe8d1c22a98cea656d02159625125,423704
34,3,2,4,摄像头3,4,在线,/uploads/cameras/camera_3_20251230124327_1_frame_0020.jpg,/srv/uploads/cameras/camera_3_20251230124327_1_frame_0020.jpg,1767066304142,1767066304142,2025-12-30 03:45:04.142,2025-12-30 12:45:04.142,0,2025-12-30 11:45:04,2025-12-30 11:45:04,2025-12-30 03:45:04,1920,1920,1080,1080,jpg,,ok,b684fc7af66ac2077ffe23a46bd051c1,335046
35,3,2,4,摄像头3,4,在线,/uploads/cameras/camera_3_20251230124327_1_frame_0021.jpg,/srv/uploads/cameras/camera_3_20251230124327_1_frame_0021.jpg,1767066304427,1767066304427,2025-12-30 03:45:04.427,2025-12-30 12:45:04.427,0,2025-12-30 11:45:04,2025-12-30 11:45:04,2025-12-30 03:45:04,1920,1920,1080,1080,jpg,,ok,af2978540af7c6613f71a9393910860d,422290
36,3,2,4,摄像头3,4,在线,/uploads/cameras/camera_3_20251230124327_1_frame_0022.jpg,/srv/uploads/cameras/camera_3_20251230124327_1_frame_0022.jpg,1767066304706,1767066304706,2025-12-30 03:45:04.706,2025-12-30 12:45:04.706,0,2025-12-30 11:45:05,2025-12-30 11:45:05,2025-12-30 03:45:04,1920,1920,1080,1080,jpg,,ok,0124758c1226d61c7cff5418cfd1f90c,360790
37,3,2,4,摄像头3,4,在线,/uploads/cameras/camera_3_20251230124327_1_frame_0023.jpg,/srv/uploads/cameras/camera_3_20251230124327_1_frame_0023.jpg,1767066304959,1767066304959,2025-12-30 03:45:04.959,2025-12-30 12:45:04.959,0,2025-12-30 11:45:05,2025-12-30 11:45:05,2025-12-30 03:45:04,1920,1920,1080,1080,jpg,,ok,5017371ac418439c720bab8dda774315,438097
38,3,2,4,摄像头3,4,在线,/uploads/cameras/camera_3_20251230124327_1_frame_0024.jpg,/srv/uploads/cameras/camera_3_20251230124327_1_frame_0024.jpg,1767066305239,1767066305239,2025-12-30 03:45:05.239,2025-12-30 12:45:05.239,0,2025-12-30 11:45:05,2025-12-30 11:45:05,2025-12-30 03:45:05,1920,1920,1080,1080,jpg,,ok,b93280a3fd18dc238b3d1b98fbfb810c,339753
39,3,2,4,摄像头3,4,在线,/uploads/cameras/camera_3_20251230124327_1_frame_0025.jpg,/srv/uploads/cameras/camera_3_20251230124327_1_frame_0025.jpg,1767066305542,1767066305542,2025-12-30 03:45:05.542,2025-12-30 12:45:05.542,0,2025-12-30 11:45:05,2025-12-30 11:45:05,2025-12-30 03:45:05,1920,1920,1080,1080,jpg,,ok,a1bc9b641f182ca86489ba9653af21c6,427507
40,3,2,4,摄像头3,4,在线,/uploads/cameras/camera_3_20251230124327_1_frame_0026.jpg,/srv/uploads/cameras/camera_3_20251230124327_1_frame_0026.jpg,1767066305813,1767066305813,2025-12-30 03:45:05.813,2025-12-30 12:45:05.813,0,2025-12-30 11:45:06,2025-12-30 11:45:06,2025-12-30 03:45:05,1920,1920,1080,1080,jpg,,ok,fa6cf78449808cf38738d0cb314d675c,341793
41,3,2,4,摄像头3,4,在线,/uploads/cameras/camera_3_20251230124327_1_frame_0027.jpg,/srv/uploads/cameras/camera_3_20251230124327_1_frame_0027.jpg,1767066306090,1767066306090,2025-12-30 03:45:06.090,2025-12-30 12:45:06.090,0,2025-12-30 11:45:06,2025-12-30 11:45:06,2025-12-30 03:45:06,1920,1920,1080,1080,jpg,,ok,1dd5461da3387980a61407b66b339c0f,457943
42,3,2,4,摄像头3,4,在线,/uploads/cameras/camera_3_20251230124327_1_frame_0028.jpg,/srv/uploads/cameras/camera_3_20251230124327_1_frame_0028.jpg,1767066306415,1767066306415,2025-12-30 03:45:06.415,2025-12-30 12:45:06.415,0,2025-12-30 11:45:06,2025-12-30 11:45:06,2025-12-30 03:45:06,1920,1920,1080,1080,jpg,,ok,41973aff2dee6e804d048e508890d346,351275
43,3,2,4,摄像头3,4,在线,/uploads/cameras/camera_3_20251230124327_1_frame_0029.jpg,/srv/uploads/cameras/camera_3_20251230124327_1_frame_0029.jpg,1767066306674,1767066306674,2025-12-30 03:45:06.674,2025-12-30 12:45:06.674,0,2025-12-30 11:45:07,2025-12-30 11:45:07,2025-12-30 03:45:06,1920,1920,1080,1080,jpg,,ok,06945803a9823e48ce5341a40d594471,420997
44,3,2,4,摄像头3,4,在线,/uploads/cameras/camera_3_20251230124327_1_frame_0030.jpg,/srv/uploads/cameras/camera_3_20251230124327_1_frame_0030.jpg,1767066306978,1767066306978,2025-12-30 03:45:06.978,2025-12-30 12:45:06.978,0,2025-12-30 11:45:07,2025-12-30 11:45:07,2025-12-30 03:45:06,1920,1920,1080,1080,jpg,,ok,453ffb88215ade2c973f341f3c169293,348553
45,3,2,4,摄像头3,4,在线,/uploads/cameras/camera_3_20251230124327_1_frame_0031.jpg,/srv/uploads/cameras/camera_3_20251230124327_1_frame_0031.jpg,1767066307237,1767066307237,2025-12-30 03:45:07.237,2025-12-30 12:45:07.237,0,2025-12-30 11:45:07,2025-12-30 11:45:07,2025-12-30 03:45:07,1920,1920,1080,1080,jpg,,ok,65d9bef12d21123f19719c73a429bc08,442837
46,3,2,4,摄像头3,4,在线,/uploads/cameras/camera_3_20251230124327_1_frame_0032.jpg,/srv/uploads/cameras/camera_3_20251230124327_1_frame_0032.jpg,1767066307519,1767066307519,2025-12-30 03:45:07.519,2025-12-30 12:45:07.519,0,2025-12-30 11:45:07,2025-12-30 11:45:07,2025-12-30 03:45:07,1920,1920,1080,1080,jpg,,ok,fc5cc495593bc9b54598f0e916c2616c,337801
47,3,2,4,摄像头3,4,在线,/uploads/cameras/camera_3_20251230124327_1_frame_0033.jpg,/srv/uploads/cameras/camera_3_20251230124327_1_frame_0033.jpg,1767066307807,1767066307807,2025-12-30 03:45:07.807,2025-12-30 12:45:07.807,0,2025-12-30 11:45:08,2025-12-30 11:45:08,2025-12-30 03:45:07,1920,1920,1080,1080,jpg,,ok,1b8ef1841911cba63948aa0dc7337fe1,433162
48,3,2,4,摄像头3,4,在线,/uploads/cameras/camera_3_20251230124327_1_frame_0034.jpg,/srv/uploads/cameras/camera_3_20251230124327_1_frame_0034.jpg,1767066308134,1767066308134,2025-12-30 03:45:08.134,2025-12-30 12:45:08.134,0,2025-12-30 11:45:08,2025-12-30 11:45:08,2025-12-30 03:45:08,1920,1920,1080,1080,jpg,,ok,3ac7b79bcd55152c9d21e42cf93e4d62,342076
49,3,2,4,摄像头3,4,在线,/uploads/cameras/camera_3_20251230124327_1_frame_0035.jpg,/srv/uploads/cameras/camera_3_20251230124327_1_frame_0035.jpg,1767066308414,1767066308414,2025-12-30 03:45:08.414,2025-12-30 12:45:08.414,0,2025-12-30 11:45:08,2025-12-30 11:45:08,2025-12-30 03:45:08,1920,1920,1080,1080,jpg,,ok,4e7747d4dbbb5bb584957752d840a9e1,460699
50,3,2,4,摄像头3,4,在线,/uploads/cameras/camera_3_20251230124327_1_frame_0036.jpg,/srv/uploads/cameras/camera_3_20251230124327_1_frame_0036.jpg,1767066308742,1767066308742,2025-12-30 03:45:08.742,2025-12-30 12:45:08.742,0,2025-12-30 11:45:09,2025-12-30 11:45:09,2025-12-30 03:45:08,1920,1920,1080,1080,jpg,,ok,a149342c568773204509c7919e872ad2,355164
51,3,2,4,摄像头3,4,在线,/uploads/cameras/camera_3_20251230124327_1_frame_0037.jpg,/srv/uploads/cameras/camera_3_20251230124327_1_frame_0037.jpg,1767066309006,1767066309006,2025-12-30 03:45:09.006,2025-12-30 12:45:09.006,0,2025-12-30 11:45:09,2025-12-30 11:45:09,2025-12-30 03:45:09,1920,1920,1080,1080,jpg,,ok,1f236d5bc5513b9f39b65a2e61fb7c4e,459800
52,3,2,4,摄像头3,4,在线,/uploads/cameras/camera_3_20251230124327_1_frame_0038.jpg,/srv/uploads/cameras/camera_3_20251230124327_1_frame_0038.jpg,1767066309291,1767066309291,2025-12-30 03:45:09.291,2025-12-30 12:45:09.291,0,2025-12-30 11:45:09,2025-12-30 11:45:09,2025-12-30 03:45:09,1920,1920,1080,1080,jpg,,ok,6156d9b4ab80a7cb989f8f6d95182e32,362289
53,3,2,4,摄像头3,4,在线,/uploads/cameras/camera_3_20251230124327_1_frame_0039.jpg,/srv/uploads/cameras/camera_3_20251230124327_1_frame_0039.jpg,1767066309775,1767066309775,2025-12-30 03:45:09.775,2025-12-30 12:45:09.775,0,2025-12-30 11:45:10,2025-12-30 11:45:10,2025-12-30 03:45:09,1920,1920,1080,1080,jpg,,ok,f9f047f9099bc8bebdb71841e25eb9a3,454114
54,3,2,4,摄像头3,4,在线,/uploads/cameras/camera_3_20251230124327_1_frame_0040.jpg,/srv/uploads/cameras/camera_3_20251230124327_1_frame_0040.jpg,1767066310077,1767066310077,2025-12-30 03:45:10.077,2025-12-30 12:45:10.077,0,2025-12-30 11:45:10,2025-12-30 11:45:10,2025-12-30 03:45:10,1920,1920,1080,1080,jpg,,ok,825ae1082cf1e7aec5845c4ed11c0689,333664
55,3,2,4,摄像头3,4,在线,/uploads/cameras/camera_3_20251230124327_1_frame_0041.jpg,/srv/uploads/cameras/camera_3_20251230124327_1_frame_0041.jpg,1767066310549,1767066310549,2025-12-30 03:45:10.549,2025-12-30 12:45:10.549,0,2025-12-30 11:45:10,2025-12-30 11:45:10,2025-12-30 03:45:10,1920,1920,1080,1080,jpg,,ok,b5bb8bc2fcfa162b51500a0d70cb2ce2,436389
56,3,2,4,摄像头3,4,在线,/uploads/cameras/camera_3_20251230124327_1_frame_0042.jpg,/srv/uploads/cameras/camera_3_20251230124327_1_frame_0042.jpg,1767066310863,1767066310863,2025-12-30 03:45:10.863,2025-12-30 12:45:10.863,0,2025-12-30 11:45:11,2025-12-30 11:45:11,2025-12-30 03:45:10,1920,1920,1080,1080,jpg,,ok,ff9318b0a9dbc59e02616849fbdbe884,332343
57,3,2,4,摄像头3,4,在线,/uploads/cameras/camera_3_20251230124327_1_frame_0043.jpg,/srv/uploads/cameras/camera_3_20251230124327_1_frame_0043.jpg,1767066311127,1767066311127,2025-12-30 03:45:11.127,2025-12-30 12:45:11.127,0,2025-12-30 11:45:11,2025-12-30 11:45:11,2025-12-30 03:45:11,1920,1920,1080,1080,jpg,,ok,dcc6edfcb70e59f63d0e55542555456e,443904
58,3,2,4,摄像头3,4,在线,/uploads/cameras/camera_3_20251230124327_1_frame_0044.jpg,/srv/uploads/cameras/camera_3_20251230124327_1_frame_0044.jpg,1767066311461,1767066311461,2025-12-30 03:45:11.461,2025-12-30 12:45:11.461,0,2025-12-30 11:45:11,2025-12-30 11:45:11,2025-12-30 03:45:11,1920,1920,1080,1080,jpg,,ok,9dedaa0e4df456bcfb82f41f0c47d696,344982
59,3,2,4,摄像头3,4,在线,/uploads/cameras/camera_3_20251230124327_1_frame_0045.jpg,/srv/uploads/cameras/camera_3_20251230124327_1_frame_0045.jpg,1767066311723,1767066311723,2025-12-30 03:45:11.723,2025-12-30 12:45:11.723,0,2025-12-30 11:45:12,2025-12-30 11:45:12,2025-12-30 03:45:11,1920,1920,1080,1080,jpg,,ok,1ec5ce7a831d0b1b2f973e8d8ab36a67,458685
60,3,2,4,摄像头3,4,在线,/uploads/cameras/camera_3_20251230124327_1_frame_0046.jpg,/srv/uploads/cameras/camera_3_20251230124327_1_frame_0046.jpg,1767066312049,1767066312049,2025-12-30 03:45:12.049,2025-12-30 12:45:12.049,0,2025-12-30 11:45:12,2025-12-30 11:45:12,2025-12-30 03:45:12,1920,1920,1080,1080,jpg,,ok,0292c4133a844cf83a5d327710513404,366523
61,3,2,4,摄像头3,4,在线,/uploads/cameras/camera_3_20251230124327_1_frame_0047.jpg,/srv/uploads/cameras/camera_3_20251230124327_1_frame_0047.jpg,1767066312285,1767066312285,2025-12-30 03:45:12.285,2025-12-30 12:45:12.285,0,2025-12-30 11:45:12,2025-12-30 11:45:12,2025-12-30 03:45:12,1920,1920,1080,1080,jpg,,ok,addf69f45b2e24652e0b1e0827bf7a5c,446198
62,3,2,4,摄像头3,4,在线,/uploads/cameras/camera_3_20251230124327_1_frame_0048.jpg,/srv/uploads/cameras/camera_3_20251230124327_1_frame_0048.jpg,1767066312543,1767066312543,2025-12-30 03:45:12.543,2025-12-30 12:45:12.543,0,2025-12-30 11:45:12,2025-12-30 11:45:12,2025-12-30 03:45:12,1920,1920,1080,1080,jpg,,ok,f46d976a540e52badba0ca4f817cfdd6,334761
63,3,2,4,摄像头3,4,在线,/uploads/cameras/camera_3_20251230124327_1_frame_0049.jpg,/srv/uploads/cameras/camera_3_20251230124327_1_frame_0049.jpg,1767066312799,1767066312799,2025-12-30 03:45:12.799,2025-12-30 12:45:12.799,0,2025-12-30 11:45:13,2025-12-30 11:45:13,2025-12-30 03:45:12,1920,1920,1080,1080,jpg,,ok,fc431678415e36f4f6e16d9ecdec7d1b,425407
64,3,2,4,摄像头3,4,在线,/uploads/cameras/camera_3_20251230124327_1_frame_0050.jpg,/srv/uploads/cameras/camera_3_20251230124327_1_frame_0050.jpg,1767066313080,1767066313080,2025-12-30 03:45:13.080,2025-12-30 12:45:13.080,0,2025-12-30 11:45:13,2025-12-30 11:45:13,2025-12-30 03:45:13,1920,1920,1080,1080,jpg,,ok,cece9fc1603deb600f14d65194219013,323563
65,3,2,4,摄像头3,4,在线,/uploads/cameras/camera_3_20251230124327_1_frame_0051.jpg,/srv/uploads/cameras/camera_3_20251230124327_1_frame_0051.jpg,1767066313296,1767066313296,2025-12-30 03:45:13.296,2025-12-30 12:45:13.296,0,2025-12-30 11:45:13,2025-12-30 11:45:13,2025-12-30 03:45:13,1920,1920,1080,1080,jpg,,ok,3956d56ff6398fe7df3d3b90e45be3e7,435259
66,3,2,4,摄像头3,4,在线,/uploads/cameras/camera_3_20251230124327_1_frame_0052.jpg,/srv/uploads/cameras/camera_3_20251230124327_1_frame_0052.jpg,1767066313572,1767066313572,2025-12-30 03:45:13.572,2025-12-30 12:45:13.572,0,2025-12-30 11:45:13,2025-12-30 11:45:13,2025-12-30 03:45:13,1920,1920,1080,1080,jpg,,ok,83c73e4aa80eb0e8a8e78bada1165b78,350906
67,3,2,4,摄像头3,4,在线,/uploads/cameras/camera_3_20251230124327_1_frame_0053.jpg,/srv/uploads/cameras/camera_3_20251230124327_1_frame_0053.jpg,1767066313822,1767066313822,2025-12-30 03:45:13.822,2025-12-30 12:45:13.822,0,2025-12-30 11:45:14,2025-12-30 11:45:14,2025-12-30 03:45:13,1920,1920,1080,1080,jpg,,ok,fa245f07441116e25e4edd520620fcc0,448644
68,3,2,4,摄像头3,4,在线,/uploads/cameras/camera_3_20251230124327_1_frame_0054.jpg,/srv/uploads/cameras/camera_3_20251230124327_1_frame_0054.jpg,1767066314090,1767066314090,2025-12-30 03:45:14.090,2025-12-30 12:45:14.090,0,2025-12-30 11:45:14,2025-12-30 11:45:14,2025-12-30 03:45:14,1920,1920,1080,1080,jpg,,ok,afddee26879fbe5582163ffdb813b497,336716
69,3,2,4,摄像头3,4,在线,/uploads/cameras/camera_3_20251230124327_1_frame_0055.jpg,/srv/uploads/cameras/camera_3_20251230124327_1_frame_0055.jpg,1767066314342,1767066314342,2025-12-30 03:45:14.342,2025-12-30 12:45:14.342,0,2025-12-30 11:45:14,2025-12-30 11:45:14,2025-12-30 03:45:14,1920,1920,1080,1080,jpg,,ok,4265534b6bac41d485cdbaa59cba3f33,421154
70,3,2,4,摄像头3,4,在线,/uploads/cameras/camera_3_20251230124327_1_frame_0056.jpg,/srv/uploads/cameras/camera_3_20251230124327_1_frame_0056.jpg,1767066314615,1767066314615,2025-12-30 03:45:14.615,2025-12-30 12:45:14.615,0,2025-12-30 11:45:14,2025-12-30 11:45:14,2025-12-30 03:45:14,1920,1920,1080,1080,jpg,,ok,ac45e6f4bc3d4a60b1119c2259f3cc1c,322393
71,3,2,4,摄像头3,4,在线,/uploads/cameras/camera_3_20251230124327_1_frame_0057.jpg,/srv/uploads/cameras/camera_3_20251230124327_1_frame_0057.jpg,1767066314847,1767066314847,2025-12-30 03:45:14.847,2025-12-30 12:45:14.847,0,2025-12-30 11:45:15,2025-12-30 11:45:15,2025-12-30 03:45:14,1920,1920,1080,1080,jpg,,ok,beb7cd7b89149332372c31d625ffdcc6,401742
72,3,2,4,摄像头3,4,在线,/uploads/cameras/camera_3_20251230124327_1_frame_0058.jpg,/srv/uploads/cameras/camera_3_20251230124327_1_frame_0058.jpg,1767066315086,1767066315086,2025-12-30 03:45:15.086,2025-12-30 12:45:15.086,0,2025-12-30 11:45:15,2025-12-30 11:45:15,2025-12-30 03:45:15,1920,1920,1080,1080,jpg,,ok,7318cb9011ee606082df4e17c53e41c9,336099
73,3,2,4,摄像头3,4,在线,/uploads/cameras/camera_3_20251230124327_1_frame_0059.jpg,/srv/uploads/cameras/camera_3_20251230124327_1_frame_0059.jpg,1767066315302,1767066315302,2025-12-30 03:45:15.302,2025-12-30 12:45:15.302,0,2025-12-30 11:45:15,2025-12-30 11:45:15,2025-12-30 03:45:15,1920,1920,1080,1080,jpg,,ok,0d2d21186e1675d8e35ee9339835a630,423640
