id,frame_id,ts_utc,uuid,pond_id,input_subdir,output_dir,created_at_source_iso,created_at_source,conf,confidence_avg,notes,iou,total_live,count,total_dead,size_min_cm,size_max_cm,size_mean_cm,avg_length_mm,avg_height_mm,size_median_cm,weight_min_g,weight_max_g,weight_mean_g,est_weight_g_avg,feed_present,shrimp_shell_present,model_name,model_version,weight_median_g,source_file,created_at,updated_at
165,,,83bc3220-950e-4e9e-8217-ad8ede441e70,camera_0_1765775944,camera_0_1765775944,./output_results/camera_0_1765775944,2025-12-15T13:19:08.960484,2025-12-15 13:19:08.960484,0.3,,,0.5,1,,0,9.323628392589045,9.323628392589045,9.323628392589045,,,9.323628392589045,5.61757161552571,5.61757161552571,5.61757161552571,,false,false,,,5.61757161552571,./output_results/camera_0_1765775944,2025-12-15 13:19:09,2025-12-15 13:19:09
167,,,87c01855-f823-437b-b5ee-31da5961022c,camera_0_1765775951,camera_0_1765775951,./output_results/camera_0_1765775951,2025-12-15T13:19:15.851057,2025-12-15 13:19:15.851057,0.3,,,0.5,4,,0,8.499742781578446,9.541358458788821,8.931460152890283,,,8.842369685596934,4.241784283844572,6.025447493471273,4.958098444331683,,false,false,,,4.782581000005443,./output_results/camera_0_1765775951,2025-12-15 13:19:16,2025-12-15 13:19:16
169,,,6866cf5f-3fb2-4af4-beb7-a36b76bae9be,camera_0_1765775958,camera_0_1765775958,./output_results/camera_0_1765775958,2025-12-15T13:19:21.578174,2025-12-15 13:19:21.578174,0.3,,,0.5,0,,0,,,,,,,,,,,false,false,,,,./output_results/camera_0_1765775958,2025-12-15 13:19:22,2025-12-15 13:19:22
171,,,702a2588-551c-4ede-bab0-6843db291d69,camera_0_1765775963,camera_0_1765775963,./output_results/camera_0_1765775963,2025-12-15T13:19:27.364533,2025-12-15 13:19:27.364533,0.3,,,0.5,0,,0,,,,,,,,,,,false,false,,,,./output_results/camera_0_1765775963,2025-12-15 13:19:27,2025-12-15 13:19:27
173,,,7d5013b9-9bb7-42a4-8f66-5be5a09d1cd5,camera_0_1765775968,camera_0_1765775968,./output_results/camera_0_1765775968,2025-12-15T13:19:32.468219,2025-12-15 13:19:32.468219,0.3,,,0.5,0,,0,,,,,,,,,,,false,false,,,,./output_results/camera_0_1765775968,2025-12-15 13:19:32,2025-12-15 13:19:32
175,,,557bcec3-537d-4a0e-8538-32d4489433f7,camera_0_1765775973,camera_0_1765775973,./output_results/camera_0_1765775973,2025-12-15T13:19:37.209247,2025-12-15 13:19:37.209247,0.3,,,0.5,0,,0,,,,,,,,,,,false,false,,,,./output_results/camera_0_1765775973,2025-12-15 13:19:37,2025-12-15 13:19:37
177,,,81ca2a37-b031-468a-8ccd-49c3b6e18377,camera_0_1765775978,camera_0_1765775978,./output_results/camera_0_1765775978,2025-12-15T13:19:42.375982,2025-12-15 13:19:42.375982,0.3,,,0.5,0,,0,,,,,,,,,,,false,false,,,,./output_results/camera_0_1765775978,2025-12-15 13:19:42,2025-12-15 13:19:42
179,,,806742f9-eb17-49f2-8e8e-b8fd39ee29a6,camera_0_1765775983,camera_0_1765775983,./output_results/camera_0_1765775983,2025-12-15T13:19:46.827989,2025-12-15 13:19:46.827989,0.3,,,0.5,0,,0,,,,,,,,,,,false,false,,,,./output_results/camera_0_1765775983,2025-12-15 13:19:47,2025-12-15 13:19:47
181,,,13415e58-4a9e-4f47-959d-8a9ac7cd6001,camera_0_1765775987,camera_0_1765775987,./output_results/camera_0_1765775987,2025-12-15T13:19:50.176271,2025-12-15 13:19:50.176271,0.3,,,0.5,0,,0,,,,,,,,,,,false,false,,,,./output_results/camera_0_1765775987,2025-12-15 13:19:50,2025-12-15 13:19:50
183,,,4dc7198b-b490-4069-8d56-230414aa7027,camera_0_1765776350,camera_0_1765776350,./output_results/camera_0_1765776350,2025-12-15T13:25:54.177422,2025-12-15 13:25:54.177422,0.3,,,0.5,1,,0,9.323628392589045,9.323628392589045,9.323628392589045,,,9.323628392589045,5.61757161552571,5.61757161552571,5.61757161552571,,false,false,,,5.61757161552571,./output_results/camera_0_1765776350,2025-12-15 13:25:54,2025-12-15 13:25:54
395,,,b8f30e19-def7-4665-acdf-28b8f39cc1e9,camera_0_20250911170008,camera_0_20250911170008,./output_results/camera_0_20250911170008,2025-12-15T18:16:04.128834,2025-12-15 18:16:04.128834,0.3,,,0.5,1,,0,9.323628392589045,9.323628392589045,9.323628392589045,,,9.323628392589045,5.61757161552571,5.61757161552571,5.61757161552571,,false,false,,,5.61757161552571,./output_results/camera_0_20250911170008,2025-12-15 18:16:04,2025-12-15 18:16:04
396,,2025-12-15 18:16:04.535,8c3b8f19-4b82-472c-929d-933be0faa0b6,4,camera_0_20250911170008,"",2025-12-15T18:16:04.125452+08:00,2025-12-15 18:16:04.125452,0.3,,,0.5,1,,0,9.323628392589045,9.323628392589045,9.323628392589045,,,9.323628392589045,5.61757161552571,5.61757161552571,5.61757161552571,,false,false,,,5.61757161552571,,2025-12-15 18:16:04,2025-12-15 18:16:04
397,,,18ff3520-3507-4c96-acfb-6cc80346ca27,camera_0_20251007105842,camera_0_20251007105842,./output_results/camera_0_20251007105842,2025-12-15T18:16:10.532729,2025-12-15 18:16:10.532729,0.3,,,0.5,4,,0,8.499742781578446,9.541358458788821,8.931460152890283,,,8.842369685596934,4.241784283844572,6.025447493471273,4.958098444331683,,false,false,,,4.782581000005443,./output_results/camera_0_20251007105842,2025-12-15 18:16:11,2025-12-15 18:16:11
398,,2025-12-15 18:16:10.955,3fbfe5b2-77d3-4714-a092-87efb2180c41,4,camera_0_20251007105842,"",2025-12-15T18:16:10.529389+08:00,2025-12-15 18:16:10.529389,0.3,,,0.5,4,,0,8.499742781578446,9.541358458788821,8.931460152890283,,,8.842369685596934,4.241784283844572,6.025447493471273,4.958098444331683,,false,false,,,4.782581000005443,,2025-12-15 18:16:10,2025-12-15 18:16:10
399,,,52c0217e-3332-4c4d-a159-32390b91d8c7,camera_0_20251007110355,camera_0_20251007110355,./output_results/camera_0_20251007110355,2025-12-15T18:16:16.014003,2025-12-15 18:16:16.014003,0.3,,,0.5,0,,0,,,,,,,,,,,false,false,,,,./output_results/camera_0_20251007110355,2025-12-15 18:16:16,2025-12-15 18:16:16
400,,2025-12-15 18:16:16.396,4eed8f57-d848-4a4f-a868-2ab4d252e543,4,camera_0_20251007110355,"",2025-12-15T18:16:15.805397+08:00,2025-12-15 18:16:15.805397,0.3,,,0.5,0,,0,,,,,,,,,,,false,false,,,,,2025-12-15 18:16:16,2025-12-15 18:16:16
401,,,55cddf40-4d51-4111-8bc0-60db3d9cd125,camera_0_20250911170008,camera_0_20250911170008,./output_results/camera_0_20250911170008,2025-12-15T18:27:53.550566,2025-12-15 18:27:53.550566,0.3,,,0.5,1,,0,9.323628392589045,9.323628392589045,9.323628392589045,,,9.323628392589045,5.61757161552571,5.61757161552571,5.61757161552571,,false,false,,,5.61757161552571,./output_results/camera_0_20250911170008,2025-12-15 18:27:54,2025-12-15 18:27:54
402,,2025-12-15 18:27:53.975,604b16ce-c52c-4716-a85a-073a2e576ad1,4,camera_0_20250911170008,"",2025-12-15T18:27:53.547127+08:00,2025-12-15 18:27:53.547127,0.3,,,0.5,1,,0,9.323628392589045,9.323628392589045,9.323628392589045,,,9.323628392589045,5.61757161552571,5.61757161552571,5.61757161552571,,false,false,,,5.61757161552571,,2025-12-15 18:27:53,2025-12-15 18:27:53
403,,,89a19865-a927-4025-866f-6ec5363f41b7,camera_0_20251007105842,camera_0_20251007105842,./output_results/camera_0_20251007105842,2025-12-15T18:27:59.522996,2025-12-15 18:27:59.522996,0.3,,,0.5,4,,0,8.499742781578446,9.541358458788821,8.931460152890283,,,8.842369685596934,4.241784283844572,6.025447493471273,4.958098444331683,,false,false,,,4.782581000005443,./output_results/camera_0_20251007105842,2025-12-15 18:28:00,2025-12-15 18:28:00
404,,2025-12-15 18:27:59.911,acc45da2-661b-43e2-a862-a94ebcc0333c,4,camera_0_20251007105842,"",2025-12-15T18:27:59.519676+08:00,2025-12-15 18:27:59.519676,0.3,,,0.5,4,,0,8.499742781578446,9.541358458788821,8.931460152890283,,,8.842369685596934,4.241784283844572,6.025447493471273,4.958098444331683,,false,false,,,4.782581000005443,,2025-12-15 18:27:59,2025-12-15 18:27:59
405,,,3eea82e0-8ed2-43af-ac2e-cf33805ca184,camera_0_20251007110355,camera_0_20251007110355,./output_results/camera_0_20251007110355,2025-12-15T18:28:04.655060,2025-12-15 18:28:04.655060,0.3,,,0.5,0,,0,,,,,,,,,,,false,false,,,,./output_results/camera_0_20251007110355,2025-12-15 18:28:05,2025-12-15 18:28:05
406,,2025-12-15 18:28:05.052,c905213d-da4b-42a2-84c8-5da0c52f4767,4,camera_0_20251007110355,"",2025-12-15T18:28:04.652138+08:00,2025-12-15 18:28:04.652138,0.3,,,0.5,0,,0,,,,,,,,,,,false,false,,,,,2025-12-15 18:28:05,2025-12-15 18:28:05
407,,,ff88bb86-c78b-4f69-a0b7-bc3fa8402739,camera_0_20251008104336,camera_0_20251008104336,./output_results/camera_0_20251008104336,2025-12-15T18:28:09.861255,2025-12-15 18:28:09.861255,0.3,,,0.5,0,,0,,,,,,,,,,,false,false,,,,./output_results/camera_0_20251008104336,2025-12-15 18:28:10,2025-12-15 18:28:10
408,,2025-12-15 18:28:10.256,333dae41-f36d-4e03-9891-7bb71b33a9ce,4,camera_0_20251008104336,"",2025-12-15T18:28:09.858142+08:00,2025-12-15 18:28:09.858142,0.3,,,0.5,0,,0,,,,,,,,,,,false,false,,,,,2025-12-15 18:28:10,2025-12-15 18:28:10
409,,,783121aa-38a6-4733-ad40-1e7ad31bf926,camera_0_20251009093731,camera_0_20251009093731,./output_results/camera_0_20251009093731,2025-12-15T18:28:14.802892,2025-12-15 18:28:14.802892,0.3,,,0.5,0,,0,,,,,,,,,,,false,false,,,,./output_results/camera_0_20251009093731,2025-12-15 18:28:15,2025-12-15 18:28:15
410,,2025-12-15 18:28:15.188,5cafd426-9118-418c-bc2a-679b4e0b3ce6,4,camera_0_20251009093731,"",2025-12-15T18:28:14.799936+08:00,2025-12-15 18:28:14.799936,0.3,,,0.5,0,,0,,,,,,,,,,,false,false,,,,,2025-12-15 18:28:15,2025-12-15 18:28:15
411,,,a62cfe90-4f1f-4359-96a1-fbcae68abb75,camera_0_20251014104258,camera_0_20251014104258,./output_results/camera_0_20251014104258,2025-12-15T18:28:19.665151,2025-12-15 18:28:19.665151,0.3,,,0.5,0,,0,,,,,,,,,,,false,false,,,,./output_results/camera_0_20251014104258,2025-12-15 18:28:20,2025-12-15 18:28:20
412,,2025-12-15 18:28:20.061,8d38d49d-245b-4e5f-922d-d14aed53b062,4,camera_0_20251014104258,"",2025-12-15T18:28:19.662178+08:00,2025-12-15 18:28:19.662178,0.3,,,0.5,0,,0,,,,,,,,,,,false,false,,,,,2025-12-15 18:28:20,2025-12-15 18:28:20
413,,,537a8d56-87dc-4a81-b2a3-9d7ed00665b9,camera_0_20251014112504,camera_0_20251014112504,./output_results/camera_0_20251014112504,2025-12-15T18:28:24.837056,2025-12-15 18:28:24.837056,0.3,,,0.5,0,,0,,,,,,,,,,,false,false,,,,./output_results/camera_0_20251014112504,2025-12-15 18:28:25,2025-12-15 18:28:25
414,,2025-12-15 18:28:25.229,0b3c8a28-6e0e-441e-8fb9-a530d55b4ece,4,camera_0_20251014112504,"",2025-12-15T18:28:24.834062+08:00,2025-12-15 18:28:24.834062,0.3,,,0.5,0,,0,,,,,,,,,,,false,false,,,,,2025-12-15 18:28:25,2025-12-15 18:28:25
415,,,c435795a-471d-40d3-833e-1c3e10aa3977,camera_0_20251029175312,camera_0_20251029175312,./output_results/camera_0_20251029175312,2025-12-15T18:28:29.038318,2025-12-15 18:28:29.038318,0.3,,,0.5,0,,0,,,,,,,,,,,false,false,,,,./output_results/camera_0_20251029175312,2025-12-15 18:28:29,2025-12-15 18:28:29
416,,2025-12-15 18:28:29.434,493206ec-3a6a-40cb-bd51-a548de73183f,4,camera_0_20251029175312,"",2025-12-15T18:28:29.035259+08:00,2025-12-15 18:28:29.035259,0.3,,,0.5,0,,0,,,,,,,,,,,false,false,,,,,2025-12-15 18:28:29,2025-12-15 18:28:29
417,,,cc56966d-4012-4b7b-8e7c-8bc2f6cff884,camera_0_20251029175316,camera_0_20251029175316,./output_results/camera_0_20251029175316,2025-12-15T18:28:32.412992,2025-12-15 18:28:32.412992,0.3,,,0.5,0,,0,,,,,,,,,,,false,false,,,,./output_results/camera_0_20251029175316,2025-12-15 18:28:32,2025-12-15 18:28:32
418,,2025-12-15 18:28:32.815,41ad3c71-c7e3-4114-b99b-59eea12aa889,4,camera_0_20251029175316,"",2025-12-15T18:28:32.409975+08:00,2025-12-15 18:28:32.409975,0.3,,,0.5,0,,0,,,,,,,,,,,false,false,,,,,2025-12-15 18:28:32,2025-12-15 18:28:32
419,,,e4ca2da1-8084-466f-b0c4-16e2969af73d,camera_1_20250911170214,camera_1_20250911170214,./output_results/camera_1_20250911170214,2025-12-15T18:28:37.612974,2025-12-15 18:28:37.612974,0.3,,,0.5,0,,0,,,,,,,,,,,false,false,,,,./output_results/camera_1_20250911170214,2025-12-15 18:28:38,2025-12-15 18:28:38
420,,2025-12-15 18:28:37.992,10ba5f1b-2c7b-4ccf-81d2-cc379af1b338,4,camera_1_20250911170214,"",2025-12-15T18:28:37.609881+08:00,2025-12-15 18:28:37.609881,0.3,,,0.5,0,,0,,,,,,,,,,,false,false,,,,,2025-12-15 18:28:37,2025-12-15 18:28:37
421,,,8685f0f0-54fa-45db-a834-ec94fbcf4d1e,camera_1_20250911171040,camera_1_20250911171040,./output_results/camera_1_20250911171040,2025-12-15T18:28:40.759392,2025-12-15 18:28:40.759392,0.3,,,0.5,0,,0,,,,,,,,,,,false,false,,,,./output_results/camera_1_20250911171040,2025-12-15 18:28:41,2025-12-15 18:28:41
422,,2025-12-15 18:28:41.138,2bcb7646-ab80-4558-8229-444295fadcd1,4,camera_1_20250911171040,"",2025-12-15T18:28:40.756413+08:00,2025-12-15 18:28:40.756413,0.3,,,0.5,0,,0,,,,,,,,,,,false,false,,,,,2025-12-15 18:28:41,2025-12-15 18:28:41
423,,,6448f18a-0bff-4f1c-8324-3a1119382d0a,camera_1_20250911171133,camera_1_20250911171133,./output_results/camera_1_20250911171133,2025-12-15T18:28:46.279450,2025-12-15 18:28:46.279450,0.3,,,0.5,0,,0,,,,,,,,,,,false,false,,,,./output_results/camera_1_20250911171133,2025-12-15 18:28:46,2025-12-15 18:28:46
424,,2025-12-15 18:28:46.683,84cfb19f-bdd2-4e20-b7fa-4e487382d7b0,4,camera_1_20250911171133,"",2025-12-15T18:28:46.276464+08:00,2025-12-15 18:28:46.276464,0.3,,,0.5,0,,0,,,,,,,,,,,false,false,,,,,2025-12-15 18:28:46,2025-12-15 18:28:46
425,,,96f5eee9-ee4f-474b-b727-5171515dcf1f,camera_1_20250911171650,camera_1_20250911171650,./output_results/camera_1_20250911171650,2025-12-15T18:28:52.083865,2025-12-15 18:28:52.083865,0.3,,,0.5,0,,0,,,,,,,,,,,false,false,,,,./output_results/camera_1_20250911171650,2025-12-15 18:28:52,2025-12-15 18:28:52
426,,2025-12-15 18:28:52.474,f6826bea-a788-4448-88ee-252f9854de79,4,camera_1_20250911171650,"",2025-12-15T18:28:52.080879+08:00,2025-12-15 18:28:52.080879,0.3,,,0.5,0,,0,,,,,,,,,,,false,false,,,,,2025-12-15 18:28:52,2025-12-15 18:28:52
427,,,3c391214-3980-4d01-a00b-8deb74aa79c7,camera_1_20250911171800,camera_1_20250911171800,./output_results/camera_1_20250911171800,2025-12-15T18:28:57.687667,2025-12-15 18:28:57.687667,0.3,,,0.5,0,,0,,,,,,,,,,,false,false,,,,./output_results/camera_1_20250911171800,2025-12-15 18:28:58,2025-12-15 18:28:58
428,,2025-12-15 18:28:58.079,138ce56d-9638-4925-b4d0-2af892f10f79,4,camera_1_20250911171800,"",2025-12-15T18:28:57.684630+08:00,2025-12-15 18:28:57.684630,0.3,,,0.5,0,,0,,,,,,,,,,,false,false,,,,,2025-12-15 18:28:58,2025-12-15 18:28:58
429,,,23c850fa-4626-4f46-a50b-c84c41a660ae,camera_1_20251013193347,camera_1_20251013193347,./output_results/camera_1_20251013193347,2025-12-15T18:29:04.033208,2025-12-15 18:29:04.033208,0.3,,,0.5,0,,0,,,,,,,,,,,false,false,,,,./output_results/camera_1_20251013193347,2025-12-15 18:29:04,2025-12-15 18:29:04
430,,2025-12-15 18:29:04.444,9f9bbf4f-f20e-4895-8bba-c9327b58e5a0,4,camera_1_20251013193347,"",2025-12-15T18:29:04.030092+08:00,2025-12-15 18:29:04.030092,0.3,,,0.5,0,,0,,,,,,,,,,,false,false,,,,,2025-12-15 18:29:04,2025-12-15 18:29:04
431,,,d8198819-ad57-4d28-bce0-10848072bad2,camera_1_20251014104504,camera_1_20251014104504,./output_results/camera_1_20251014104504,2025-12-15T18:29:08.848298,2025-12-15 18:29:08.848298,0.3,,,0.5,0,,0,,,,,,,,,,,false,false,,,,./output_results/camera_1_20251014104504,2025-12-15 18:29:09,2025-12-15 18:29:09
432,,2025-12-15 18:29:09.242,93366bc5-0467-4f3f-ad68-148ce5ff385e,4,camera_1_20251014104504,"",2025-12-15T18:29:08.845224+08:00,2025-12-15 18:29:08.845224,0.3,,,0.5,0,,0,,,,,,,,,,,false,false,,,,,2025-12-15 18:29:09,2025-12-15 18:29:09
433,,,30d5d6ff-d8b8-4ecb-9054-7b83b7a4025f,camera_1_20251014111554,camera_1_20251014111554,./output_results/camera_1_20251014111554,2025-12-15T18:29:13.834849,2025-12-15 18:29:13.834849,0.3,,,0.5,0,,0,,,,,,,,,,,false,false,,,,./output_results/camera_1_20251014111554,2025-12-15 18:29:14,2025-12-15 18:29:14
434,,2025-12-15 18:29:14.243,08069c43-2af7-49ee-a5b8-fdff347b33d5,4,camera_1_20251014111554,"",2025-12-15T18:29:13.831875+08:00,2025-12-15 18:29:13.831875,0.3,,,0.5,0,,0,,,,,,,,,,,false,false,,,,,2025-12-15 18:29:14,2025-12-15 18:29:14
435,,,7adb3393-9686-4de1-bcda-387955c4ba29,camera_1_20251014155503,camera_1_20251014155503,./output_results/camera_1_20251014155503,2025-12-15T18:29:22.877725,2025-12-15 18:29:22.877725,0.3,,,0.5,11,,0,8.145146965798318,10.58930627185146,8.953245745170218,,,9.010577665294871,3.7269567552283296,8.268154130861124,5.069407074432164,,false,false,,,5.064210590416173,./output_results/camera_1_20251014155503,2025-12-15 18:29:23,2025-12-15 18:29:23
436,,2025-12-15 18:29:23.269,7945ce93-e858-469b-840f-3ba22dc282d7,4,camera_1_20251014155503,"",2025-12-15T18:29:22.874325+08:00,2025-12-15 18:29:22.874325,0.3,,,0.5,11,,0,8.145146965798318,10.58930627185146,8.953245745170218,,,9.010577665294871,3.7269567552283296,8.268154130861124,5.069407074432164,,false,false,,,5.064210590416173,,2025-12-15 18:29:23,2025-12-15 18:29:23
437,,,688daefb-18d7-4d2e-87a5-9e92322a8fa1,camera_1_20251015104816,camera_1_20251015104816,./output_results/camera_1_20251015104816,2025-12-15T18:29:28.290580,2025-12-15 18:29:28.290580,0.3,,,0.5,0,,0,,,,,,,,,,,false,false,,,,./output_results/camera_1_20251015104816,2025-12-15 18:29:28,2025-12-15 18:29:28
438,,2025-12-15 18:29:28.703,5351e665-b2fb-401d-bc19-b7370a65c1da,4,camera_1_20251015104816,"",2025-12-15T18:29:28.287423+08:00,2025-12-15 18:29:28.287423,0.3,,,0.5,0,,0,,,,,,,,,,,false,false,,,,,2025-12-15 18:29:28,2025-12-15 18:29:28
439,,,24e334a1-1507-4ac3-8b67-4a34850d5cb5,camera_1_20251017104205,camera_1_20251017104205,./output_results/camera_1_20251017104205,2025-12-15T18:29:34.476661,2025-12-15 18:29:34.476661,0.3,,,0.5,1,,0,8.401010440743905,8.401010440743905,8.401010440743905,,,8.401010440743905,4.0939364702652465,4.0939364702652465,4.0939364702652465,,false,false,,,4.0939364702652465,./output_results/camera_1_20251017104205,2025-12-15 18:29:34,2025-12-15 18:29:34
440,,2025-12-15 18:29:34.878,7b117381-8d4d-41e1-93cc-60ea69d30e8a,4,camera_1_20251017104205,"",2025-12-15T18:29:34.473387+08:00,2025-12-15 18:29:34.473387,0.3,,,0.5,1,,0,8.401010440743905,8.401010440743905,8.401010440743905,,,8.401010440743905,4.0939364702652465,4.0939364702652465,4.0939364702652465,,false,false,,,4.0939364702652465,,2025-12-15 18:29:34,2025-12-15 18:29:34
441,,,2b8b5513-b56c-4a46-b39e-5910a8271078,camera_1_20251017104318,camera_1_20251017104318,./output_results/camera_1_20251017104318,2025-12-15T18:29:39.707268,2025-12-15 18:29:39.707268,0.3,,,0.5,0,,0,,,,,,,,,,,false,false,,,,./output_results/camera_1_20251017104318,2025-12-15 18:29:40,2025-12-15 18:29:40
442,,2025-12-15 18:29:40.089,50d9a575-9352-4f6b-bd7e-ca91a6be7ef3,4,camera_1_20251017104318,"",2025-12-15T18:29:39.704316+08:00,2025-12-15 18:29:39.704316,0.3,,,0.5,0,,0,,,,,,,,,,,false,false,,,,,2025-12-15 18:29:40,2025-12-15 18:29:40
443,,,dafd819b-0a73-4f01-a167-5d4487cc66e1,camera_1_20251023100827,camera_1_20251023100827,./output_results/camera_1_20251023100827,2025-12-15T18:29:43.977337,2025-12-15 18:29:43.977337,0.3,,,0.5,0,,0,,,,,,,,,,,false,false,,,,./output_results/camera_1_20251023100827,2025-12-15 18:29:44,2025-12-15 18:29:44
444,,2025-12-15 18:29:44.378,55b314db-4193-40ed-a6c5-2ab77af04c8f,4,camera_1_20251023100827,"",2025-12-15T18:29:43.974381+08:00,2025-12-15 18:29:43.974381,0.3,,,0.5,0,,0,,,,,,,,,,,false,false,,,,,2025-12-15 18:29:44,2025-12-15 18:29:44
445,,,80bb4933-935a-4478-b162-a79d25442ba1,camera_1_20251023100954,camera_1_20251023100954,./output_results/camera_1_20251023100954,2025-12-15T18:29:47.369817,2025-12-15 18:29:47.369817,0.3,,,0.5,2,,0,8.351105094792029,8.425844682571395,8.388474888681712,,,8.388474888681712,4.02053813011426,4.130793982210782,4.075666056162521,,false,false,,,4.075666056162521,./output_results/camera_1_20251023100954,2025-12-15 18:29:47,2025-12-15 18:29:47
446,,2025-12-15 18:29:47.764,2796c000-c94a-4331-9f06-057a325e3b58,4,camera_1_20251023100954,"",2025-12-15T18:29:47.366541+08:00,2025-12-15 18:29:47.366541,0.3,,,0.5,2,,0,8.351105094792029,8.425844682571395,8.388474888681712,,,8.388474888681712,4.02053813011426,4.130793982210782,4.075666056162521,,false,false,,,4.075666056162521,,2025-12-15 18:29:47,2025-12-15 18:29:47
447,,,ca0f5936-9208-472a-83e4-0410e86a4899,camera_1_20251023101138,camera_1_20251023101138,./output_results/camera_1_20251023101138,2025-12-15T18:29:52.300299,2025-12-15 18:29:52.300299,0.3,,,0.5,0,,0,,,,,,,,,,,false,false,,,,./output_results/camera_1_20251023101138,2025-12-15 18:29:52,2025-12-15 18:29:52
448,,2025-12-15 18:29:52.734,ef80f04c-ba7e-4177-97d2-fcf033083d83,4,camera_1_20251023101138,"",2025-12-15T18:29:52.297334+08:00,2025-12-15 18:29:52.297334,0.3,,,0.5,0,,0,,,,,,,,,,,false,false,,,,,2025-12-15 18:29:52,2025-12-15 18:29:52
449,,,c5a840e8-2bff-4569-9ccc-14c731ba76f3,camera_1_20251029102237,camera_1_20251029102237,./output_results/camera_1_20251029102237,2025-12-15T18:29:57.349632,2025-12-15 18:29:57.349632,0.3,,,0.5,0,,0,,,,,,,,,,,false,false,,,,./output_results/camera_1_20251029102237,2025-12-15 18:29:57,2025-12-15 18:29:57
450,,2025-12-15 18:29:57.795,081ccc63-41e8-406f-98db-1064f8f88601,4,camera_1_20251029102237,"",2025-12-15T18:29:57.346382+08:00,2025-12-15 18:29:57.346382,0.3,,,0.5,0,,0,,,,,,,,,,,false,false,,,,,2025-12-15 18:29:57,2025-12-15 18:29:57
451,,,9ecb85ad-f34b-47a0-b20e-140af4eb7f62,camera_1_20251030175853,camera_1_20251030175853,./output_results/camera_1_20251030175853,2025-12-15T18:30:01.734810,2025-12-15 18:30:01.734810,0.3,,,0.5,0,,0,,,,,,,,,,,false,false,,,,./output_results/camera_1_20251030175853,2025-12-15 18:30:02,2025-12-15 18:30:02
452,,2025-12-15 18:30:02.145,b7299e9e-ed06-426d-9734-81912de450b2,4,camera_1_20251030175853,"",2025-12-15T18:30:01.731876+08:00,2025-12-15 18:30:01.731876,0.3,,,0.5,0,,0,,,,,,,,,,,false,false,,,,,2025-12-15 18:30:02,2025-12-15 18:30:02
453,,,44e1ac8c-c5b3-43c2-823a-0cf94ff7c899,camera_1_20251031160817,camera_1_20251031160817,./output_results/camera_1_20251031160817,2025-12-15T18:30:06.925705,2025-12-15 18:30:06.925705,0.3,,,0.5,0,,0,,,,,,,,,,,false,false,,,,./output_results/camera_1_20251031160817,2025-12-15 18:30:07,2025-12-15 18:30:07
454,,2025-12-15 18:30:07.311,f4314caf-c67b-4906-899a-d62148a821e4,4,camera_1_20251031160817,"",2025-12-15T18:30:06.922797+08:00,2025-12-15 18:30:06.922797,0.3,,,0.5,0,,0,,,,,,,,,,,false,false,,,,,2025-12-15 18:30:07,2025-12-15 18:30:07
455,,,09f8d291-bb43-4d6d-84ed-60a42e865fee,camera_1_20251031160818,camera_1_20251031160818,./output_results/camera_1_20251031160818,2025-12-15T18:30:13.453671,2025-12-15 18:30:13.453671,0.3,,,0.5,0,,0,,,,,,,,,,,false,false,,,,./output_results/camera_1_20251031160818,2025-12-15 18:30:13,2025-12-15 18:30:13
456,,2025-12-15 18:30:13.873,2dc6d153-f5e5-45dd-a1f2-e7f3573e8636,4,camera_1_20251031160818,"",2025-12-15T18:30:13.450288+08:00,2025-12-15 18:30:13.450288,0.3,,,0.5,0,,0,,,,,,,,,,,false,false,,,,,2025-12-15 18:30:13,2025-12-15 18:30:13
457,,,7d9881e0-cdcb-48f0-9caa-99069e34ccbd,camera_1_20251105101500,camera_1_20251105101500,./output_results/camera_1_20251105101500,2025-12-15T18:30:18.387090,2025-12-15 18:30:18.387090,0.3,,,0.5,0,,0,,,,,,,,,,,false,false,,,,./output_results/camera_1_20251105101500,2025-12-15 18:30:18,2025-12-15 18:30:18
458,,2025-12-15 18:30:18.788,2a858628-072c-449f-9c3e-49c62804970d,4,camera_1_20251105101500,"",2025-12-15T18:30:18.384066+08:00,2025-12-15 18:30:18.384066,0.3,,,0.5,0,,0,,,,,,,,,,,false,false,,,,,2025-12-15 18:30:18,2025-12-15 18:30:18
459,,,7c0b56de-fa4d-4853-b14f-9c7733e636d2,camera_1_20251113154627,camera_1_20251113154627,./output_results/camera_1_20251113154627,2025-12-15T18:30:26.716799,2025-12-15 18:30:26.716799,0.3,,,0.5,1,,0,9.094162842369139,9.094162842369139,9.094162842369139,,,9.094162842369139,5.208204170495443,5.208204170495443,5.208204170495443,,false,false,,,5.208204170495443,./output_results/camera_1_20251113154627,2025-12-15 18:30:27,2025-12-15 18:30:27
460,,2025-12-15 18:30:27.118,add6cdaa-8277-4b97-a6bd-2aa7a9723c70,4,camera_1_20251113154627,"",2025-12-15T18:30:26.713526+08:00,2025-12-15 18:30:26.713526,0.3,,,0.5,1,,0,9.094162842369139,9.094162842369139,9.094162842369139,,,9.094162842369139,5.208204170495443,5.208204170495443,5.208204170495443,,false,false,,,5.208204170495443,,2025-12-15 18:30:27,2025-12-15 18:30:27
461,,,93479e5e-d362-4492-9274-909c8856c1b7,camera_1_20251120160119,camera_1_20251120160119,./output_results/camera_1_20251120160119,2025-12-15T18:30:35.346878,2025-12-15 18:30:35.346878,0.3,,,0.5,5,,0,8.297181960107082,9.899743197770954,8.86071296396671,,,8.535115056434037,3.9422283410625063,6.739277759969256,4.876496540067847,,false,false,,,4.295611727676997,./output_results/camera_1_20251120160119,2025-12-15 18:30:35,2025-12-15 18:30:35
462,,2025-12-15 18:30:35.761,d42196ba-f9b2-40fe-ac2f-0f3e944a42d3,4,camera_1_20251120160119,"",2025-12-15T18:30:35.343267+08:00,2025-12-15 18:30:35.343267,0.3,,,0.5,5,,0,8.297181960107082,9.899743197770954,8.86071296396671,,,8.535115056434037,3.9422283410625063,6.739277759969256,4.876496540067847,,false,false,,,4.295611727676997,,2025-12-15 18:30:35,2025-12-15 18:30:35
463,,,ba89bc58-8d68-45cd-82e3-1ca62fe47926,camera_1_20251204185015,camera_1_20251204185015,./output_results/camera_1_20251204185015,2025-12-15T18:30:37.736598,2025-12-15 18:30:37.736598,0.3,,,0.5,0,,0,,,,,,,,,,,false,false,,,,./output_results/camera_1_20251204185015,2025-12-15 18:30:38,2025-12-15 18:30:38
464,,2025-12-15 18:30:38.149,4fce9790-71b3-4f73-8485-830c8fde6089,4,camera_1_20251204185015,"",2025-12-15T18:30:37.732924+08:00,2025-12-15 18:30:37.732924,0.3,,,0.5,0,,0,,,,,,,,,,,false,false,,,,,2025-12-15 18:30:38,2025-12-15 18:30:38
465,,,769a9632-7f75-47ff-85aa-4a9825d5ccd3,camera_2_20250911170337,camera_2_20250911170337,./output_results/camera_2_20250911170337,2025-12-15T18:30:40.914310,2025-12-15 18:30:40.914310,0.3,,,0.5,0,,0,,,,,,,,,,,false,false,,,,./output_results/camera_2_20250911170337,2025-12-15 18:30:41,2025-12-15 18:30:41
466,,2025-12-15 18:30:41.315,c25339fc-533e-4063-aec0-ab39c6189403,4,camera_2_20250911170337,"",2025-12-15T18:30:40.911329+08:00,2025-12-15 18:30:40.911329,0.3,,,0.5,0,,0,,,,,,,,,,,false,false,,,,,2025-12-15 18:30:41,2025-12-15 18:30:41
467,,,4918bba3-5ee2-44ce-9580-12823721d4a1,camera_2_20251007111311,camera_2_20251007111311,./output_results/camera_2_20251007111311,2025-12-15T18:30:45.956800,2025-12-15 18:30:45.956800,0.3,,,0.5,0,,0,,,,,,,,,,,false,false,,,,./output_results/camera_2_20251007111311,2025-12-15 18:30:46,2025-12-15 18:30:46
468,,2025-12-15 18:30:46.352,29e0aba2-9270-4808-b2b3-1fe4cbcdb986,4,camera_2_20251007111311,"",2025-12-15T18:30:45.953828+08:00,2025-12-15 18:30:45.953828,0.3,,,0.5,0,,0,,,,,,,,,,,false,false,,,,,2025-12-15 18:30:46,2025-12-15 18:30:46
469,,,d4c42f0e-7a00-4ecd-9d11-0d90650a5185,camera_2_20251008104712,camera_2_20251008104712,./output_results/camera_2_20251008104712,2025-12-15T18:30:50.856758,2025-12-15 18:30:50.856758,0.3,,,0.5,0,,0,,,,,,,,,,,false,false,,,,./output_results/camera_2_20251008104712,2025-12-15 18:30:51,2025-12-15 18:30:51
470,,2025-12-15 18:30:51.245,ea6de7b1-340a-4170-af0d-2a4827bb81e9,4,camera_2_20251008104712,"",2025-12-15T18:30:50.853831+08:00,2025-12-15 18:30:50.853831,0.3,,,0.5,0,,0,,,,,,,,,,,false,false,,,,,2025-12-15 18:30:51,2025-12-15 18:30:51
471,,,e0b063d7-f097-4819-a4fd-6232356ae072,camera_2_20251009093554,camera_2_20251009093554,./output_results/camera_2_20251009093554,2025-12-15T18:30:55.570983,2025-12-15 18:30:55.570983,0.3,,,0.5,0,,0,,,,,,,,,,,false,false,,,,./output_results/camera_2_20251009093554,2025-12-15 18:30:56,2025-12-15 18:30:56
472,,2025-12-15 18:30:55.971,bebedb5a-f23f-4f48-9849-e474dcfbf2fa,4,camera_2_20251009093554,"",2025-12-15T18:30:55.567998+08:00,2025-12-15 18:30:55.567998,0.3,,,0.5,0,,0,,,,,,,,,,,false,false,,,,,2025-12-15 18:30:55,2025-12-15 18:30:55
473,,,74aa6a9e-d876-41c9-8c5c-50a5a58da062,camera_2_20251014154749,camera_2_20251014154749,./output_results/camera_2_20251014154749,2025-12-15T18:31:03.882932,2025-12-15 18:31:03.882932,0.3,,,0.5,0,,0,,,,,,,,,,,false,false,,,,./output_results/camera_2_20251014154749,2025-12-15 18:31:04,2025-12-15 18:31:04
474,,2025-12-15 18:31:04.280,0e4fc5e1-f285-4c5f-ae47-95b4ab22c080,4,camera_2_20251014154749,"",2025-12-15T18:31:03.879955+08:00,2025-12-15 18:31:03.879955,0.3,,,0.5,0,,0,,,,,,,,,,,false,false,,,,,2025-12-15 18:31:04,2025-12-15 18:31:04
475,,,d2394596-ffc4-4e58-bcda-4d28ec21ddba,camera_2_20251014160734,camera_2_20251014160734,./output_results/camera_2_20251014160734,2025-12-15T18:31:11.775283,2025-12-15 18:31:11.775283,0.3,,,0.5,0,,0,,,,,,,,,,,false,false,,,,./output_results/camera_2_20251014160734,2025-12-15 18:31:12,2025-12-15 18:31:12
476,,2025-12-15 18:31:12.160,fdda6361-39c4-49ec-a0f8-40d92ddb2987,4,camera_2_20251014160734,"",2025-12-15T18:31:11.772338+08:00,2025-12-15 18:31:11.772338,0.3,,,0.5,0,,0,,,,,,,,,,,false,false,,,,,2025-12-15 18:31:12,2025-12-15 18:31:12
477,,,b86588c2-e46b-43b5-830e-32a5cfe66709,camera_2_20251015110857,camera_2_20251015110857,./output_results/camera_2_20251015110857,2025-12-15T18:31:16.779813,2025-12-15 18:31:16.779813,0.3,,,0.5,0,,0,,,,,,,,,,,false,false,,,,./output_results/camera_2_20251015110857,2025-12-15 18:31:17,2025-12-15 18:31:17
478,,2025-12-15 18:31:17.174,fbce8968-ded9-428f-9d66-a90d95ae3a2e,4,camera_2_20251015110857,"",2025-12-15T18:31:16.776769+08:00,2025-12-15 18:31:16.776769,0.3,,,0.5,0,,0,,,,,,,,,,,false,false,,,,,2025-12-15 18:31:17,2025-12-15 18:31:17
479,,,051bd70f-36a6-4ff0-ba44-af84020abee1,camera_2_20251017104019,camera_2_20251017104019,./output_results/camera_2_20251017104019,2025-12-15T18:31:22.022574,2025-12-15 18:31:22.022574,0.3,,,0.5,0,,0,,,,,,,,,,,false,false,,,,./output_results/camera_2_20251017104019,2025-12-15 18:31:22,2025-12-15 18:31:22
480,,2025-12-15 18:31:22.423,a985d74e-74f6-4f09-afb4-0e4419114ac8,4,camera_2_20251017104019,"",2025-12-15T18:31:22.019622+08:00,2025-12-15 18:31:22.019622,0.3,,,0.5,0,,0,,,,,,,,,,,false,false,,,,,2025-12-15 18:31:22,2025-12-15 18:31:22
481,,,89c5a5dc-3f72-4942-bc26-776294bf5b54,camera_2_20251023100556,camera_2_20251023100556,./output_results/camera_2_20251023100556,2025-12-15T18:31:30.553453,2025-12-15 18:31:30.553453,0.3,,,0.5,1,,0,9.147127950647464,9.147127950647464,9.147127950647464,,,9.147127950647464,5.300854520895839,5.300854520895839,5.300854520895839,,false,false,,,5.300854520895839,./output_results/camera_2_20251023100556,2025-12-15 18:31:31,2025-12-15 18:31:31
482,,2025-12-15 18:31:30.965,97c790b9-f6d5-4c64-a8c1-1e19f64e5959,4,camera_2_20251023100556,"",2025-12-15T18:31:30.550140+08:00,2025-12-15 18:31:30.550140,0.3,,,0.5,1,,0,9.147127950647464,9.147127950647464,9.147127950647464,,,9.147127950647464,5.300854520895839,5.300854520895839,5.300854520895839,,false,false,,,5.300854520895839,,2025-12-15 18:31:30,2025-12-15 18:31:30
483,,,0806c2c9-5018-406e-9ba7-2c42770f6564,camera_2_20251023100702,camera_2_20251023100702,./output_results/camera_2_20251023100702,2025-12-15T18:31:34.863083,2025-12-15 18:31:34.863083,0.3,,,0.5,0,,0,,,,,,,,,,,false,false,,,,./output_results/camera_2_20251023100702,2025-12-15 18:31:35,2025-12-15 18:31:35
484,,2025-12-15 18:31:35.274,24f4e05e-6743-42f3-8464-b3037c9ac6df,4,camera_2_20251023100702,"",2025-12-15T18:31:34.859879+08:00,2025-12-15 18:31:34.859879,0.3,,,0.5,0,,0,,,,,,,,,,,false,false,,,,,2025-12-15 18:31:35,2025-12-15 18:31:35
485,,,fa028444-72d0-46ce-b047-d043f454dc53,camera_2_20251029101834,camera_2_20251029101834,./output_results/camera_2_20251029101834,2025-12-15T18:31:40.340022,2025-12-15 18:31:40.340022,0.3,,,0.5,0,,0,,,,,,,,,,,false,false,,,,./output_results/camera_2_20251029101834,2025-12-15 18:31:40,2025-12-15 18:31:40
486,,2025-12-15 18:31:40.741,8970a3e1-0eb2-4b27-a887-47cae4fadcde,4,camera_2_20251029101834,"",2025-12-15T18:31:40.337055+08:00,2025-12-15 18:31:40.337055,0.3,,,0.5,0,,0,,,,,,,,,,,false,false,,,,,2025-12-15 18:31:40,2025-12-15 18:31:40
487,,,cdeeb35e-4c0f-416b-a8d7-2aaa3ab6e557,camera_2_20251105100557,camera_2_20251105100557,./output_results/camera_2_20251105100557,2025-12-15T18:31:45.439859,2025-12-15 18:31:45.439859,0.3,,,0.5,0,,0,,,,,,,,,,,false,false,,,,./output_results/camera_2_20251105100557,2025-12-15 18:31:45,2025-12-15 18:31:45
488,,2025-12-15 18:31:45.849,4389a9d1-11a7-4577-aeb9-8f3d3c2a984e,4,camera_2_20251105100557,"",2025-12-15T18:31:45.436815+08:00,2025-12-15 18:31:45.436815,0.3,,,0.5,0,,0,,,,,,,,,,,false,false,,,,,2025-12-15 18:31:45,2025-12-15 18:31:45
489,,,fac69a29-0ac6-4405-81ad-9b3423b481a9,camera_2_20251105100558,camera_2_20251105100558,./output_results/camera_2_20251105100558,2025-12-15T18:31:52.007260,2025-12-15 18:31:52.007260,0.3,,,0.5,0,,0,,,,,,,,,,,false,false,,,,./output_results/camera_2_20251105100558,2025-12-15 18:31:52,2025-12-15 18:31:52
490,,2025-12-15 18:31:52.411,e39036b1-caa4-4f45-a94a-d6244ee35ec5,4,camera_2_20251105100558,"",2025-12-15T18:31:52.003893+08:00,2025-12-15 18:31:52.003893,0.3,,,0.5,0,,0,,,,,,,,,,,false,false,,,,,2025-12-15 18:31:52,2025-12-15 18:31:52
491,,,d5bb105c-f081-4b95-afcc-a2e636b88fce,camera_2_20251110111655,camera_2_20251110111655,./output_results/camera_2_20251110111655,2025-12-15T18:32:00.249025,2025-12-15 18:32:00.249025,0.3,,,0.5,7,,0,8.274683191957243,9.32220833651827,8.917577244778997,,,8.966614382155603,3.9098593412809035,5.614974084247545,4.936637490359447,,false,false,,,4.989557295508469,./output_results/camera_2_20251110111655,2025-12-15 18:32:00,2025-12-15 18:32:00
492,,2025-12-15 18:32:00.661,5b9bd9f7-6063-4a6f-a88a-cff1f9bd4490,4,camera_2_20251110111655,"",2025-12-15T18:32:00.245717+08:00,2025-12-15 18:32:00.245717,0.3,,,0.5,7,,0,8.274683191957243,9.32220833651827,8.917577244778997,,,8.966614382155603,3.9098593412809035,5.614974084247545,4.936637490359447,,false,false,,,4.989557295508469,,2025-12-15 18:32:00,2025-12-15 18:32:00
493,,,a9298fbc-4fbb-436f-b65e-468ff721df70,camera_2_20251120100940,camera_2_20251120100940,./output_results/camera_2_20251120100940,2025-12-15T18:32:09.342139,2025-12-15 18:32:09.342139,0.3,,,0.5,10,,1,8.197009632369333,10.713447138590007,9.231544048325565,,,8.845159071096793,3.7994807863459927,8.565998133877327,5.593253678076917,,false,false,,,4.787538257162389,./output_results/camera_2_20251120100940,2025-12-15 18:32:09,2025-12-15 18:32:09
494,,2025-12-15 18:32:09.770,bbf98749-df13-4fa3-9c2a-d019968b02a2,4,camera_2_20251120100940,"",2025-12-15T18:32:09.338741+08:00,2025-12-15 18:32:09.338741,0.3,,,0.5,10,,1,8.197009632369333,10.713447138590007,9.231544048325565,,,8.845159071096793,3.7994807863459927,8.565998133877327,5.593253678076917,,false,false,,,4.787538257162389,,2025-12-15 18:32:09,2025-12-15 18:32:09
495,,,4a0b7ab7-b0cf-4a32-ae0e-3b79c08628df,camera_2_20251201130226,camera_2_20251201130226,./output_results/camera_2_20251201130226,2025-12-15T18:32:19.467214,2025-12-15 18:32:19.467214,0.3,,,0.5,0,,0,,,,,,,,,,,false,false,,,,./output_results/camera_2_20251201130226,2025-12-15 18:32:19,2025-12-15 18:32:19
496,,2025-12-15 18:32:19.868,a77f7f25-eacb-47c4-bc62-b9b859138b53,4,camera_2_20251201130226,"",2025-12-15T18:32:19.464157+08:00,2025-12-15 18:32:19.464157,0.3,,,0.5,0,,0,,,,,,,,,,,false,false,,,,,2025-12-15 18:32:19,2025-12-15 18:32:19
497,,,e16dd22d-4afa-42d2-980f-2b397376f8f2,camera_2_20251209095415,camera_2_20251209095415,./output_results/camera_2_20251209095415,2025-12-15T18:32:28.927396,2025-12-15 18:32:28.927396,0.3,,,0.5,1,,0,9.02242509949067,9.02242509949067,9.02242509949067,,,9.02242509949067,5.084455866537283,5.084455866537283,5.084455866537283,,false,false,,,5.084455866537283,./output_results/camera_2_20251209095415,2025-12-15 18:32:29,2025-12-15 18:32:29
498,,2025-12-15 18:32:29.345,76238132-3710-4873-a98d-84e3a22234a8,4,camera_2_20251209095415,"",2025-12-15T18:32:28.923310+08:00,2025-12-15 18:32:28.923310,0.3,,,0.5,1,,0,9.02242509949067,9.02242509949067,9.02242509949067,,,9.02242509949067,5.084455866537283,5.084455866537283,5.084455866537283,,false,false,,,5.084455866537283,,2025-12-15 18:32:29,2025-12-15 18:32:29
499,,,73485d61-69ba-49b5-9540-f94ed32eb849,camera_2_20251209100140,camera_2_20251209100140,./output_results/camera_2_20251209100140,2025-12-15T18:32:37.816939,2025-12-15 18:32:37.816939,0.3,,,0.5,0,,0,,,,,,,,,,,false,false,,,,./output_results/camera_2_20251209100140,2025-12-15 18:32:38,2025-12-15 18:32:38
500,,2025-12-15 18:32:38.227,f9df131e-61a4-4223-87a8-483c780b0bbd,4,camera_2_20251209100140,"",2025-12-15T18:32:37.813955+08:00,2025-12-15 18:32:37.813955,0.3,,,0.5,0,,0,,,,,,,,,,,false,false,,,,,2025-12-15 18:32:38,2025-12-15 18:32:38
501,,,946fe43b-e135-4a3e-8b35-5780c264ef29,camera_2_20251212170655,camera_2_20251212170655,./output_results/camera_2_20251212170655,2025-12-15T18:32:44.080137,2025-12-15 18:32:44.080137,0.3,,,0.5,0,,0,,,,,,,,,,,false,false,,,,./output_results/camera_2_20251212170655,2025-12-15 18:32:44,2025-12-15 18:32:44
502,,2025-12-15 18:32:44.501,b45cebcf-cd6c-4e04-b054-c3b279efe9f6,4,camera_2_20251212170655,"",2025-12-15T18:32:44.076965+08:00,2025-12-15 18:32:44.076965,0.3,,,0.5,0,,0,,,,,,,,,,,false,false,,,,,2025-12-15 18:32:44,2025-12-15 18:32:44
503,,,dace39fa-26a8-46c5-8f7e-9cc9ea345f54,camera_2_20251215011548,camera_2_20251215011548,./output_results/camera_2_20251215011548,2025-12-15T18:32:50.278880,2025-12-15 18:32:50.278880,0.3,,,0.5,0,,0,,,,,,,,,,,false,false,,,,./output_results/camera_2_20251215011548,2025-12-15 18:32:50,2025-12-15 18:32:50
504,,2025-12-15 18:32:50.724,f0b4da5a-7650-41a0-8090-cf1192a5c659,4,camera_2_20251215011548,"",2025-12-15T18:32:50.275456+08:00,2025-12-15 18:32:50.275456,0.3,,,0.5,0,,0,,,,,,,,,,,false,false,,,,,2025-12-15 18:32:50,2025-12-15 18:32:50
505,,,a5332da1-2a97-49d6-a8a5-a6880a7a260f,camera_3_20250911170400,camera_3_20250911170400,./output_results/camera_3_20250911170400,2025-12-15T18:32:53.816080,2025-12-15 18:32:53.816080,0.3,,,0.5,0,,0,,,,,,,,,,,false,false,,,,./output_results/camera_3_20250911170400,2025-12-15 18:32:54,2025-12-15 18:32:54
506,,2025-12-15 18:32:54.253,0a3245b9-0c39-44a9-b4b9-c6b30720040e,4,camera_3_20250911170400,"",2025-12-15T18:32:53.812981+08:00,2025-12-15 18:32:53.812981,0.3,,,0.5,0,,0,,,,,,,,,,,false,false,,,,,2025-12-15 18:32:54,2025-12-15 18:32:54
507,,,168485fd-815e-4c0c-8f5c-259b235e9131,camera_3_20251007111437,camera_3_20251007111437,./output_results/camera_3_20251007111437,2025-12-15T18:32:59.036196,2025-12-15 18:32:59.036196,0.3,,,0.5,0,,0,,,,,,,,,,,false,false,,,,./output_results/camera_3_20251007111437,2025-12-15 18:32:59,2025-12-15 18:32:59
508,,2025-12-15 18:32:59.440,9cb952f4-f70c-47c1-b952-a29208155ad6,4,camera_3_20251007111437,"",2025-12-15T18:32:59.033223+08:00,2025-12-15 18:32:59.033223,0.3,,,0.5,0,,0,,,,,,,,,,,false,false,,,,,2025-12-15 18:32:59,2025-12-15 18:32:59
509,,,f030e194-859b-421b-99c6-e144e8488796,camera_3_20251008104832,camera_3_20251008104832,./output_results/camera_3_20251008104832,2025-12-15T18:33:05.700355,2025-12-15 18:33:05.700355,0.3,,,0.5,1,,0,8.40124625704825,8.40124625704825,8.40124625704825,,,8.40124625704825,4.094285413512823,4.094285413512823,4.094285413512823,,false,false,,,4.094285413512823,./output_results/camera_3_20251008104832,2025-12-15 18:33:06,2025-12-15 18:33:06
510,,2025-12-15 18:33:06.106,c1950fec-c5fa-4686-a87d-3030d42d2df9,4,camera_3_20251008104832,"",2025-12-15T18:33:05.696991+08:00,2025-12-15 18:33:05.696991,0.3,,,0.5,1,,0,8.40124625704825,8.40124625704825,8.40124625704825,,,8.40124625704825,4.094285413512823,4.094285413512823,4.094285413512823,,false,false,,,4.094285413512823,,2025-12-15 18:33:06,2025-12-15 18:33:06
511,,,03e7fe4c-f3d3-4ad1-86fa-de130deb401a,camera_3_20251009093421,camera_3_20251009093421,./output_results/camera_3_20251009093421,2025-12-15T18:33:11.750515,2025-12-15 18:33:11.750515,0.3,,,0.5,0,,0,,,,,,,,,,,false,false,,,,./output_results/camera_3_20251009093421,2025-12-15 18:33:12,2025-12-15 18:33:12
512,,2025-12-15 18:33:12.184,b590a63a-7716-4d02-988f-c54b28047d68,4,camera_3_20251009093421,"",2025-12-15T18:33:11.747469+08:00,2025-12-15 18:33:11.747469,0.3,,,0.5,0,,0,,,,,,,,,,,false,false,,,,,2025-12-15 18:33:12,2025-12-15 18:33:12
513,,,be7e4eee-64d5-4f16-9180-a0d7ee357f89,camera_3_20251014122418,camera_3_20251014122418,./output_results/camera_3_20251014122418,2025-12-15T18:33:18.792567,2025-12-15 18:33:18.792567,0.3,,,0.5,0,,0,,,,,,,,,,,false,false,,,,./output_results/camera_3_20251014122418,2025-12-15 18:33:19,2025-12-15 18:33:19
514,,2025-12-15 18:33:19.208,b4e54d08-57fd-42c5-972b-7f62b97f157f,4,camera_3_20251014122418,"",2025-12-15T18:33:18.789592+08:00,2025-12-15 18:33:18.789592,0.3,,,0.5,0,,0,,,,,,,,,,,false,false,,,,,2025-12-15 18:33:19,2025-12-15 18:33:19
515,,,67154306-6783-4342-b1cc-161e7cde3d4b,camera_3_20251014155125,camera_3_20251014155125,./output_results/camera_3_20251014155125,2025-12-15T18:33:25.498595,2025-12-15 18:33:25.498595,0.3,,,0.5,0,,0,,,,,,,,,,,false,false,,,,./output_results/camera_3_20251014155125,2025-12-15 18:33:25,2025-12-15 18:33:25
516,,2025-12-15 18:33:25.912,7a2d03ff-64e4-4202-af8b-e6c3f50c79c1,4,camera_3_20251014155125,"",2025-12-15T18:33:25.495526+08:00,2025-12-15 18:33:25.495526,0.3,,,0.5,0,,0,,,,,,,,,,,false,false,,,,,2025-12-15 18:33:25,2025-12-15 18:33:25
517,,,7cb7b6ef-e05a-4cc2-a55d-699796e9f5dc,camera_3_20251014160949,camera_3_20251014160949,./output_results/camera_3_20251014160949,2025-12-15T18:33:32.532542,2025-12-15 18:33:32.532542,0.3,,,0.5,0,,0,,,,,,,,,,,false,false,,,,./output_results/camera_3_20251014160949,2025-12-15 18:33:33,2025-12-15 18:33:33
518,,2025-12-15 18:33:32.966,3ee42a30-b82b-4467-8039-a3f828358b0f,4,camera_3_20251014160949,"",2025-12-15T18:33:32.529439+08:00,2025-12-15 18:33:32.529439,0.3,,,0.5,0,,0,,,,,,,,,,,false,false,,,,,2025-12-15 18:33:32,2025-12-15 18:33:32
519,,,04be99dd-2759-447f-993d-ad5b3fd29c43,camera_3_20251119105545,camera_3_20251119105545,./output_results/camera_3_20251119105545,2025-12-15T18:33:41.743596,2025-12-15 18:33:41.743596,0.3,,,0.5,4,,1,8.191877805273977,8.830027430417667,8.384694744646664,,,8.258436871447508,3.7922626856931507,4.762336019965209,4.082196966584439,,false,false,,,3.8870945803396983,./output_results/camera_3_20251119105545,2025-12-15 18:33:42,2025-12-15 18:33:42
520,,2025-12-15 18:33:42.144,a3040c16-6bce-4083-b8bb-253db1dad1f2,4,camera_3_20251119105545,"",2025-12-15T18:33:41.740231+08:00,2025-12-15 18:33:41.740231,0.3,,,0.5,4,,1,8.191877805273977,8.830027430417667,8.384694744646664,,,8.258436871447508,3.7922626856931507,4.762336019965209,4.082196966584439,,false,false,,,3.8870945803396983,,2025-12-15 18:33:42,2025-12-15 18:33:42
521,,,f0d07746-0e69-41e5-bf9d-91b29a663624,camera_3_20251126101923,camera_3_20251126101923,./output_results/camera_3_20251126101923,2025-12-15T18:33:51.889316,2025-12-15 18:33:51.889316,0.3,,,0.5,4,,0,8.298332877135675,9.485033012528008,8.634417285565558,,,8.377151626299273,3.943888981070492,5.918090641496301,4.494888452235988,,false,false,,,4.058787093188579,./output_results/camera_3_20251126101923,2025-12-15 18:33:52,2025-12-15 18:33:52
522,,2025-12-15 18:33:52.286,64b1eedc-a519-4d10-bfca-85b6f3982fbf,4,camera_3_20251126101923,"",2025-12-15T18:33:51.886052+08:00,2025-12-15 18:33:51.886052,0.3,,,0.5,4,,0,8.298332877135675,9.485033012528008,8.634417285565558,,,8.377151626299273,3.943888981070492,5.918090641496301,4.494888452235988,,false,false,,,4.058787093188579,,2025-12-15 18:33:52,2025-12-15 18:33:52
523,,,aadc7c31-8f31-4bfc-a0d7-ba9fa3f01c61,camera_4_20250911170630,camera_4_20250911170630,./output_results/camera_4_20250911170630,2025-12-15T18:33:57.654743,2025-12-15 18:33:57.654743,0.3,,,0.5,0,,0,,,,,,,,,,,false,false,,,,./output_results/camera_4_20250911170630,2025-12-15 18:33:58,2025-12-15 18:33:58
524,,2025-12-15 18:33:58.041,16d7439b-3286-45ed-af5c-81e5dfca2fc7,4,camera_4_20250911170630,"",2025-12-15T18:33:57.651772+08:00,2025-12-15 18:33:57.651772,0.3,,,0.5,0,,0,,,,,,,,,,,false,false,,,,,2025-12-15 18:33:58,2025-12-15 18:33:58
525,,,aa205ea4-4d70-4fa3-b9f3-d24e0484b0ce,camera_4_20251007110208,camera_4_20251007110208,./output_results/camera_4_20251007110208,2025-12-15T18:34:02.343760,2025-12-15 18:34:02.343760,0.3,,,0.5,0,,0,,,,,,,,,,,false,false,,,,./output_results/camera_4_20251007110208,2025-12-15 18:34:02,2025-12-15 18:34:02
526,,2025-12-15 18:34:02.750,8a308d4e-397f-489a-b34b-0e2a1dccef92,4,camera_4_20251007110208,"",2025-12-15T18:34:02.340808+08:00,2025-12-15 18:34:02.340808,0.3,,,0.5,0,,0,,,,,,,,,,,false,false,,,,,2025-12-15 18:34:02,2025-12-15 18:34:02
527,,,db7062fc-e69f-47d0-b475-7ed1f1b3d94c,camera_4_20251008104532,camera_4_20251008104532,./output_results/camera_4_20251008104532,2025-12-15T18:34:07.385068,2025-12-15 18:34:07.385068,0.3,,,0.5,0,,0,,,,,,,,,,,false,false,,,,./output_results/camera_4_20251008104532,2025-12-15 18:34:07,2025-12-15 18:34:07
528,,2025-12-15 18:34:07.766,64d666ea-3c77-44b6-8523-a7f24b2a3aa1,4,camera_4_20251008104532,"",2025-12-15T18:34:07.382102+08:00,2025-12-15 18:34:07.382102,0.3,,,0.5,0,,0,,,,,,,,,,,false,false,,,,,2025-12-15 18:34:07,2025-12-15 18:34:07
529,,,797fce13-a9f8-4c59-a79c-473f63f80d93,camera_4_20251009094002,camera_4_20251009094002,./output_results/camera_4_20251009094002,2025-12-15T18:34:12.278355,2025-12-15 18:34:12.278355,0.3,,,0.5,0,,0,,,,,,,,,,,false,false,,,,./output_results/camera_4_20251009094002,2025-12-15 18:34:12,2025-12-15 18:34:12
530,,2025-12-15 18:34:12.666,b63414fc-c82e-4a17-9fcb-a6d054364d17,4,camera_4_20251009094002,"",2025-12-15T18:34:12.275252+08:00,2025-12-15 18:34:12.275252,0.3,,,0.5,0,,0,,,,,,,,,,,false,false,,,,,2025-12-15 18:34:12,2025-12-15 18:34:12
531,,,157aae6b-a787-4782-a6f3-89b52a5c0c15,camera_4_20251014115001,camera_4_20251014115001,./output_results/camera_4_20251014115001,2025-12-15T18:34:21.189026,2025-12-15 18:34:21.189026,0.3,,,0.5,1,,0,10.604549121538124,10.604549121538124,10.604549121538124,,,10.604549121538124,8.304345297258868,8.304345297258868,8.304345297258868,,false,false,,,8.304345297258868,./output_results/camera_4_20251014115001,2025-12-15 18:34:21,2025-12-15 18:34:21
532,,2025-12-15 18:34:21.590,69f9b253-0e0c-43bd-87ca-c6cc3c04d453,4,camera_4_20251014115001,"",2025-12-15T18:34:21.185669+08:00,2025-12-15 18:34:21.185669,0.3,,,0.5,1,,0,10.604549121538124,10.604549121538124,10.604549121538124,,,10.604549121538124,8.304345297258868,8.304345297258868,8.304345297258868,,false,false,,,8.304345297258868,,2025-12-15 18:34:21,2025-12-15 18:34:21
533,,,8ea12724-b3c1-4694-bbd0-f9567ac67ceb,camera_4_20251015111034,camera_4_20251015111034,./output_results/camera_4_20251015111034,2025-12-15T18:34:26.429280,2025-12-15 18:34:26.429280,0.3,,,0.5,0,,0,,,,,,,,,,,false,false,,,,./output_results/camera_4_20251015111034,2025-12-15 18:34:26,2025-12-15 18:34:26
534,,2025-12-15 18:34:26.850,a4f7103e-a91e-4ace-802b-c4d7530b1f97,4,camera_4_20251015111034,"",2025-12-15T18:34:26.426117+08:00,2025-12-15 18:34:26.426117,0.3,,,0.5,0,,0,,,,,,,,,,,false,false,,,,,2025-12-15 18:34:26,2025-12-15 18:34:26
535,,,fbb78924-6155-4b6f-a823-8dab58bbcfba,camera_4_20251023101327,camera_4_20251023101327,./output_results/camera_4_20251023101327,2025-12-15T18:34:31.294632,2025-12-15 18:34:31.294632,0.3,,,0.5,0,,0,,,,,,,,,,,false,false,,,,./output_results/camera_4_20251023101327,2025-12-15 18:34:31,2025-12-15 18:34:31
536,,2025-12-15 18:34:31.699,7477220a-5ab0-40df-8011-5c80e4b9a27b,4,camera_4_20251023101327,"",2025-12-15T18:34:31.291466+08:00,2025-12-15 18:34:31.291466,0.3,,,0.5,0,,0,,,,,,,,,,,false,false,,,,,2025-12-15 18:34:31,2025-12-15 18:34:31
537,,,c05f2ba4-09b7-4c35-8c1b-0991f518780d,camera_4_20251029102109,camera_4_20251029102109,./output_results/camera_4_20251029102109,2025-12-15T18:34:36.437608,2025-12-15 18:34:36.437608,0.3,,,0.5,0,,0,,,,,,,,,,,false,false,,,,./output_results/camera_4_20251029102109,2025-12-15 18:34:36,2025-12-15 18:34:36
538,,2025-12-15 18:34:36.854,8c0ea015-4dff-42ee-9ce1-bd77c8677547,4,camera_4_20251029102109,"",2025-12-15T18:34:36.434484+08:00,2025-12-15 18:34:36.434484,0.3,,,0.5,0,,0,,,,,,,,,,,false,false,,,,,2025-12-15 18:34:36,2025-12-15 18:34:36
539,,,f5533a94-145b-4d4f-a9ad-6dcbcbefbaba,camera_4_20251029103540,camera_4_20251029103540,./output_results/camera_4_20251029103540,2025-12-15T18:34:48.236855,2025-12-15 18:34:48.236855,0.3,,,0.5,2,,0,9.019335973655192,9.483976426233314,9.251656199944254,,,9.251656199944254,5.079171847554571,5.91608913289006,5.497630490222315,,false,false,,,5.497630490222315,./output_results/camera_4_20251029103540,2025-12-15 18:34:48,2025-12-15 18:34:48
540,,2025-12-15 18:34:48.634,d098aaa2-87ef-46c9-bf09-251c895a2eb6,4,camera_4_20251029103540,"",2025-12-15T18:34:48.233602+08:00,2025-12-15 18:34:48.233602,0.3,,,0.5,2,,0,9.019335973655192,9.483976426233314,9.251656199944254,,,9.251656199944254,5.079171847554571,5.91608913289006,5.497630490222315,,false,false,,,5.497630490222315,,2025-12-15 18:34:48,2025-12-15 18:34:48
541,,,a06044bf-ba1f-40fd-bb43-8adb50e5669f,camera_4_20251105101321,camera_4_20251105101321,./output_results/camera_4_20251105101321,2025-12-15T18:34:53.686600,2025-12-15 18:34:53.686600,0.3,,,0.5,0,,0,,,,,,,,,,,false,false,,,,./output_results/camera_4_20251105101321,2025-12-15 18:34:54,2025-12-15 18:34:54
542,,2025-12-15 18:34:54.085,4febaf60-e756-4c45-8d80-e90068b615a1,4,camera_4_20251105101321,"",2025-12-15T18:34:53.683584+08:00,2025-12-15 18:34:53.683584,0.3,,,0.5,0,,0,,,,,,,,,,,false,false,,,,,2025-12-15 18:34:54,2025-12-15 18:34:54
543,,,cfbf1153-1aad-4826-a73f-101918fc8e14,camera_4_20251105101322,camera_4_20251105101322,./output_results/camera_4_20251105101322,2025-12-15T18:34:59.985584,2025-12-15 18:34:59.985584,0.3,,,0.5,0,,0,,,,,,,,,,,false,false,,,,./output_results/camera_4_20251105101322,2025-12-15 18:35:00,2025-12-15 18:35:00
544,,2025-12-15 18:35:00.367,ea25a9c0-3dea-44eb-b872-8a752dde6d2b,4,camera_4_20251105101322,"",2025-12-15T18:34:59.982658+08:00,2025-12-15 18:34:59.982658,0.3,,,0.5,0,,0,,,,,,,,,,,false,false,,,,,2025-12-15 18:35:00,2025-12-15 18:35:00
545,,,2e89d400-8c02-4d95-aead-67a487c20f8e,camera_4_20251110112512,camera_4_20251110112512,./output_results/camera_4_20251110112512,2025-12-15T18:35:05.691704,2025-12-15 18:35:05.691704,0.3,,,0.5,1,,0,9.109933156486772,9.109933156486772,9.109933156486772,,,9.109933156486772,5.235676229223911,5.235676229223911,5.235676229223911,,false,false,,,5.235676229223911,./output_results/camera_4_20251110112512,2025-12-15 18:35:06,2025-12-15 18:35:06
546,,2025-12-15 18:35:06.083,0245fa4e-ad92-4543-af52-85d1ce3f44d3,4,camera_4_20251110112512,"",2025-12-15T18:35:05.688482+08:00,2025-12-15 18:35:05.688482,0.3,,,0.5,1,,0,9.109933156486772,9.109933156486772,9.109933156486772,,,9.109933156486772,5.235676229223911,5.235676229223911,5.235676229223911,,false,false,,,5.235676229223911,,2025-12-15 18:35:06,2025-12-15 18:35:06
547,,,54c58217-5412-4a75-9f00-4e3b16943892,camera_4_20251119100043,camera_4_20251119100043,./output_results/camera_4_20251119100043,2025-12-15T18:35:14.645597,2025-12-15 18:35:14.645597,0.3,,,0.5,5,,0,8.420642015187164,9.918839602369761,9.204530386083235,,,9.338250471662315,4.123054140824242,6.778828329388644,5.464859515390123,,false,false,,,5.644364846446632,./output_results/camera_4_20251119100043,2025-12-15 18:35:15,2025-12-15 18:35:15
548,,2025-12-15 18:35:15.038,a62f262c-42a9-4e28-a274-18138ec18334,4,camera_4_20251119100043,"",2025-12-15T18:35:14.642235+08:00,2025-12-15 18:35:14.642235,0.3,,,0.5,5,,0,8.420642015187164,9.918839602369761,9.204530386083235,,,9.338250471662315,4.123054140824242,6.778828329388644,5.464859515390123,,false,false,,,5.644364846446632,,2025-12-15 18:35:15,2025-12-15 18:35:15
